wave_id,country,variant,variant_era,strategy,start,end,peak_date,mean_StringencyIndex_Average,early_StringencyIndex_Average,late_StringencyIndex_Average,peak_StringencyIndex_Average,mean_GovernmentResponseIndex_Average,early_GovernmentResponseIndex_Average,late_GovernmentResponseIndex_Average,peak_GovernmentResponseIndex_Average,mean_ContainmentHealthIndex_Average,early_ContainmentHealthIndex_Average,late_ContainmentHealthIndex_Average,peak_ContainmentHealthIndex_Average,mean_EconomicSupportIndex,early_EconomicSupportIndex,late_EconomicSupportIndex,peak_EconomicSupportIndex,mean_reservoir_gating_index,early_reservoir_gating_index,late_reservoir_gating_index,peak_reservoir_gating_index,mean_detection_index,early_detection_index,late_detection_index,peak_detection_index,mean_barrier_information_index,early_barrier_information_index,late_barrier_information_index,peak_barrier_information_index,mean_targeted_protection_index,early_targeted_protection_index,late_targeted_protection_index,peak_targeted_protection_index,mean_people_vaccinated_per_hundred,early_people_vaccinated_per_hundred,late_people_vaccinated_per_hundred,peak_people_vaccinated_per_hundred,mean_people_fully_vaccinated_per_hundred,early_people_fully_vaccinated_per_hundred,late_people_fully_vaccinated_per_hundred,peak_people_fully_vaccinated_per_hundred,mean_total_boosters_per_hundred,early_total_boosters_per_hundred,late_total_boosters_per_hundred,peak_total_boosters_per_hundred,mean_positive_rate,early_positive_rate,late_positive_rate,peak_positive_rate,mean_tests_per_case,early_tests_per_case,late_tests_per_case,peak_tests_per_case,mean_reproduction_rate,early_reproduction_rate,late_reproduction_rate,peak_reproduction_rate,mean_new_deaths_smoothed_per_million,early_new_deaths_smoothed_per_million,late_new_deaths_smoothed_per_million,peak_new_deaths_smoothed_per_million
IT01,Italy,Ancestral,pre-variant,National lockdown followed by vaccination and certification,2020-02-29,2020-06-30,2020-03-23,77.95886178861788,74.34071428571428,67.59000000000002,85.19,70.0118699186992,57.81142857142857,67.45000000000002,69.27,73.16138211382115,66.07000000000001,66.37,73.81,47.96747967479675,0.0,75.0,37.5,83.73015873015873,90.64625850340136,72.6190476190476,91.66666666666667,83.33333333333336,83.33333333333334,83.33333333333334,83.33333333333334,85.77235772357723,50.0,100.0,50.0,47.289972899729,50.0,33.33333333333333,50.0,0.0,0.0,0.0,0.0,0.0,0.0,0.0,0.0,0.0,0.0,0.0,0.0,7.778660911983472,13.128694208333334,0.53561157,23.600046,62.16338782892562,8.328046266666666,187.40914285714285,4.246099,1.093256910569106,2.5604642857142856,0.9370142857142857,1.4493,4.732170242796748,0.6301910874285713,0.5817543385714287,8.786733
IT02,Italy,Ancestral,pre-variant,National lockdown followed by vaccination and certification,2020-08-05,2021-02-01,2020-11-13,73.45530386740332,65.33999999999999,74.06999999999996,82.41,71.55657458563537,66.18714285714286,75.68000000000004,75.78,71.06160220994477,64.92000000000002,75.77,75.89,75.0,75.0,75.0,75.0,81.25493291239147,75.68027210884354,82.14285714285712,86.90476190476191,85.72744014732967,83.33333333333334,100.0,83.33333333333334,100.0,100.0,100.0,100.0,37.42173112338858,33.33333333333333,53.33333333333335,33.333333333333336,0.28755981485635357,0.0,2.298716014285714,0.0,0.03638103778036464,0.0,0.46899873671428566,0.0,0.0,0.0,0.0,0.0,7.302695876132597,0.7182876628571429,6.164250742857142,15.862254,38.062189901657455,146.60312535714283,17.158959999999997,6.3056474,1.1577447513812156,1.2888214285714283,0.9128000000000001,1.1055,4.83515406063536,0.18861232392857138,7.826555614285715,8.139769
IT03,Italy,Alpha,Alpha,National lockdown followed by vaccination and certification,2021-02-02,2021-06-27,2021-03-19,75.1618493150685,74.33499999999997,70.60499999999999,79.63,79.4858904109589,77.01714285714286,79.55999999999999,80.89,80.1267808219178,77.30071428571429,80.20500000000001,81.73,75.0,75.0,75.0,75.0,85.1924331376386,82.4829931972789,82.14285714285712,91.66666666666667,100.0,100.0,100.0,100.0,100.0,100.0,100.0,100.0,78.9041095890411,62.857142857142854,100.0,70.0,22.10061845684932,2.638206742857143,53.57066335714285,8.941904,10.53813128150685,1.9729153571428566,27.11971585714286,4.078122,0.0,0.0,0.0,0.0,4.287691317191781,4.875603835714285,0.8140923507142858,6.8354816,37.24704234589042,20.517735285714284,132.31179492857143,14.630998,0.8842842465753425,0.9868714285714287,0.63075,1.0361,4.599140979452055,6.401351564285714,0.7072106285714285,6.4001536
IT04,Italy,Delta,Delta,National lockdown followed by vaccination and certification,2021-06-28,2021-10-12,2021-08-24,57.64775700934579,51.29785714285714,55.939285714285724,53.82,70.26869158878503,66.35357142857144,69.74214285714287,67.77,69.59392523364487,65.11785714285715,68.99642857142858,66.74,75.0,75.0,75.0,75.0,50.623052959501564,45.66326530612243,44.21768707482993,41.66666666666667,100.0,100.0,100.0,100.0,80.49065420560747,75.0,87.5,75.0,100.0,100.0,100.0,100.0,68.71591861682242,59.08682757142858,76.63716378571429,70.40732,56.33461303738318,34.60106592857142,69.48860092857143,59.811134,0.062163648142056084,0.0,0.41704643714285716,0.0,1.7816173458878506,0.446197105,1.1182872714285714,3.118056,84.23598162616823,226.74847785714286,89.98976,32.074745,1.076707476635514,1.0573785714285715,0.8699071428571429,1.0452,0.6081329328971964,0.43661527357142854,0.7626647085714288,0.81229955
IT05,Italy,Omicron BA.1,Omicron BA.1,National lockdown followed by vaccination and certification,2021-10-13,2022-03-01,2022-01-11,50.57457142857143,50.27428571428572,46.917857142857144,53.32,66.96857142857142,66.33714285714287,64.62214285714285,69.05,65.82207142857143,65.09857142857143,63.136428571428574,68.21,75.0,75.0,75.0,75.0,37.11734693877553,35.54421768707484,31.887755102040824,41.66666666666667,100.0,100.0,100.0,100.0,87.05357142857143,83.92857142857143,86.60714285714286,87.5,100.0,100.0,100.0,100.0,81.24992469285714,77.9183057857143,85.01394714285713,82.48453,75.021072,71.20253899999999,79.26261114285714,75.688156,29.254113122428578,1.4553400314285714,62.28382357142856,41.068184,6.799227220642857,0.7779239499999999,10.902800607142856,15.419363,45.65590408571428,133.57621007142856,9.181384035714286,6.5640745,1.1546942857142857,1.1011714285714285,0.7518142857142857,1.3072,2.7492042750714285,0.633785322857143,4.436154914285714,3.5439262
IT06,Italy,Omicron BA.2,Omicron BA.2,National lockdown followed by vaccination and certification,2022-03-02,2022-05-31,2022-03-21,34.09274725274725,43.730714285714285,22.52,43.67,54.58175824175824,62.102857142857154,47.04,62.07,54.05912087912088,60.252142857142864,46.62,60.22,58.24175824175824,75.0,50.0,75.0,20.552066980638415,28.571428571428566,13.095238095238098,28.571428571428577,100.0,100.0,100.0,100.0,75.0,75.0,75.0,75.0,100.0,100.0,100.0,100.0,85.2495518901099,85.13355835714286,85.31713492857143,85.20026,80.15657200000001,79.82083864285714,80.3084982142857,80.036125,65.90513408791209,63.748447214285704,67.90054214285713,64.68694,13.78149797802198,10.265574428571428,12.925791964285716,14.051873,7.47909310879121,9.788396892857142,7.829651628571429,7.155471,0.9528604395604394,1.0698785714285715,0.7489071428571429,1.1684,2.2583185406593405,2.928283307142857,1.640858714285714,2.197282
IT07,Italy,Omicron BA.5,Omicron BA.4/BA.5,National lockdown followed by vaccination and certification,2022-06-01,2022-09-10,2022-07-11,18.856274509803917,19.22,16.569999999999997,19.22,44.60803921568629,45.17999999999999,41.01285714285716,45.18,44.26666666666666,44.5,42.800000000000004,44.5,47.05882352941177,50.0,28.571428571428573,50.0,9.056956115779647,9.523809523809522,6.1224489795918355,9.523809523809524,100.0,100.0,100.0,100.0,75.0,75.0,75.0,75.0,100.0,100.0,100.0,100.0,85.35986116666668,85.32822928571429,85.38701800000001,85.35299,80.3532053235294,80.32285357142858,80.3777607857143,80.34782,70.35764059803921,68.36119900000001,72.41821342857143,69.26994,17.432238607843146,11.073789000000001,18.893919000000004,18.893919,5.9587766882352975,9.059774785714286,5.2927084,5.2927084,0.9979656862745099,1.0286428571428572,0.8602642857142857,1.2078,1.5673495225490197,1.0252157821428571,1.2352224214285716,1.3442479
IT08,Italy,Omicron BA.5/BQ.1,Omicron descendants,National lockdown followed by vaccination and certification,2022-09-11,2022-12-24,2022-10-10,17.16619047619048,15.509999999999996,19.210000000000004,15.51,40.66666666666668,39.97000000000001,40.268571428571434,39.97,42.91333333333333,42.12,42.46,42.12,25.0,25.0,25.0,25.0,6.8934240362811785,4.761904761904761,9.523809523809522,4.761904761904762,100.0,100.0,100.0,100.0,75.0,75.0,75.0,75.0,98.0952380952381,100.0,85.71428571428571,100.0,85.40849593333334,85.39372214285716,85.42161964285715,85.400986,80.3967384857143,80.38321564285714,80.40818557142858,80.39084,75.42903498095238,72.70690964285714,78.43153257142856,73.53892,18.893919000000004,18.893919000000004,18.893919000000004,18.893919,5.292708400000002,5.2927084,5.2927084,5.2927084,1.0636828571428572,1.0557999999999998,1.2460285714285715,1.184,1.2330658793333333,0.8547458535714287,1.7615226857142858,0.8841844
JP01,Japan,Ancestral,pre-variant,Cluster-focused response and voluntary behavioural suppression,2020-03-04,2020-05-24,2020-04-12,43.765975609756104,41.73285714285715,42.12857142857143,45.37,46.6080487804878,38.43000000000001,49.22000000000001,46.88,45.46999999999999,42.89928571428571,45.53357142857142,46.43,54.573170731707314,7.142857142857143,75.0,50.0,45.746225319396046,41.75170068027211,48.80952380952382,48.80952380952381,66.66666666666667,66.66666666666666,66.66666666666666,66.66666666666667,62.5,62.5,62.5,62.5,43.08943089430895,33.33333333333333,50.0,50.0,0.0,0.0,0.0,0.0,0.0,0.0,0.0,0.0,0.0,0.0,0.0,0.0,7.207152663414634,6.359217935714286,2.1508974785714288,11.428258,22.611151136585367,22.73636392857142,58.235047428571434,8.944329,1.1177170731707318,1.4158714285714284,0.4523142857142857,1.4225,0.07577846718536585,0.009551205014285715,0.12857391171428573,0.03200062
JP02,Japan,Ancestral,pre-variant,Cluster-focused response and voluntary behavioural suppression,2020-05-25,2020-09-21,2020-08-06,30.57291666666666,31.479999999999993,34.79285714285714,32.41,46.68441666666666,43.230000000000004,50.29714285714285,48.96,39.69308333333334,38.68999999999999,43.195714285714295,41.67,95.625,75.0,100.0,100.0,32.65873015873016,34.523809523809526,35.20408163265306,39.285714285714285,77.7777777777778,66.66666666666666,83.33333333333334,83.33333333333334,62.5,62.5,62.5,62.5,50.0,50.0,50.0,50.0,0.0,0.0,0.0,0.0,0.0,0.0,0.0,0.0,0.0,0.0,0.0,0.0,3.524954065,1.221800107142857,3.2926740999999997,6.55039,41.976035575000004,82.8776335,30.481664285714285,15.367478,1.1459491666666668,0.9049428571428572,0.8973571428571427,1.1546,0.046591376590000004,0.06987890085714286,0.08498123442857143,0.025143342
JP03,Japan,Ancestral,pre-variant,Cluster-focused response and voluntary behavioural suppression,2020-09-30,2021-02-27,2021-01-08,42.56119205298013,35.19,49.63928571428571,49.54,54.75801324503313,50.519999999999996,59.62785714285716,58.59,48.29556291390729,43.45,53.86714285714286,52.68,100.0,100.0,100.0,100.0,40.83096814884895,34.523809523809526,46.42857142857144,46.42857142857143,83.33333333333334,83.33333333333334,83.33333333333334,83.33333333333334,62.5,62.5,62.5,62.5,50.728476821192054,50.0,57.857142857142854,50.0,0.0007235371352980133,0.0,0.007803864816428571,0.0,0.0,0.0,0.0,0.0,0.0,0.0,0.0,0.0,5.4776246112582765,2.3330249071428573,3.0600942142857144,10.729987,22.77656698013245,46.11942392857143,33.14167135714286,9.584796,1.0486688741721855,1.0281285714285713,0.7452571428571427,1.5736,0.3211112176688741,0.04849073314285714,0.5806642785714284,0.45372304
JP04,Japan,Alpha,Alpha,Cluster-focused response and voluntary behavioural suppression,2021-02-28,2021-06-18,2021-05-11,47.35324324324326,46.56142857142857,54.23000000000001,49.07,56.49243243243244,58.16857142857144,59.567142857142834,56.67,50.278648648648684,52.19285714285713,53.797142857142866,50.48,100.0,100.0,100.0,100.0,50.46117546117548,46.42857142857144,64.45578231292515,51.1904761904762,70.72072072072073,83.33333333333334,66.66666666666666,66.66666666666667,62.5,62.5,62.5,62.5,55.6156156156156,60.0,53.33333333333335,53.333333333333336,4.40614986363964,0.07276535028571429,16.82269907142857,3.5285378,1.5383374317198197,0.00040995078571428575,5.971028957142858,1.1270946,0.0,0.0,0.0,0.0,4.609716955855856,2.277339435714286,3.1386880142857145,7.8790836,26.186377364864864,44.273716214285706,32.35969135714286,12.819808,1.0325405405405406,0.9730785714285713,0.7074642857142857,1.1871,0.4755922028828829,0.4338042999999999,0.5908685607142857,0.67887026
JP05,Japan,Delta,Delta,Cluster-focused response and voluntary behavioural suppression,2021-06-19,2021-11-25,2021-08-22,50.026125,53.50428571428572,47.22000000000001,52.31,58.0339375,61.301428571428566,56.01428571428572,57.86,52.040687500000004,55.77285714285714,49.730000000000004,51.85,100.0,100.0,100.0,100.0,53.64583333333335,62.58503401360546,46.42857142857144,59.523809523809526,50.41666666666667,66.66666666666666,41.66666666666667,41.66666666666667,62.5,62.5,62.5,62.5,76.18750000000003,70.4761904761905,80.95238095238098,73.33333333333334,59.84322699375,25.055905571428575,80.39683892857144,55.872463,49.58483791249999,12.199853857142855,78.17081071428572,44.79383,0.0,0.0,0.0,0.0,6.3218150805625,2.611746071428571,0.3652969907142857,17.71169,60.613292316249996,38.32347721428571,276.981345,5.6866546,0.8989612499999999,0.9312357142857143,0.7595785714285713,1.1987,0.20764686916875,0.31078151000000004,0.0200820205,0.25486207
JP06,Japan,Omicron BA.1,Omicron BA.1,Cluster-focused response and voluntary behavioural suppression,2021-11-26,2022-05-27,2022-02-06,46.482513661202184,47.22000000000001,44.71571428571429,47.22,55.68120218579236,56.150714285714294,52.75428571428572,54.57,49.351092896174876,49.88642857142857,46.010000000000005,48.08,100.0,100.0,100.0,100.0,46.35050741608121,46.42857142857144,45.40816326530613,46.42857142857143,54.781420765027335,54.166666666666664,41.66666666666667,41.66666666666667,62.5,62.5,62.5,62.5,66.66666666666667,66.66666666666666,66.66666666666666,66.66666666666667,81.66134279781421,80.68914342857144,82.82249549999999,81.323166,80.34857775409836,79.13907071428572,81.56440292857144,80.09877,25.269995999697816,0.01650066162142857,58.82137271428571,8.242824,24.336976480983605,0.2532105692857143,28.92157778571428,37.071423,70.56278775737705,400.4031478571428,3.4666769357142857,2.712973,1.241425136612022,0.9541857142857142,0.9384214285714284,1.2487,0.5260804209098359,0.010041010321428569,0.27992376785714285,0.6400124
JP07,Japan,Omicron BA.5,Omicron BA.4/BA.5,Cluster-focused response and voluntary behavioural suppression,2022-06-18,2022-11-04,2022-08-21,35.72835714285714,37.519999999999996,31.480000000000008,37.52,46.94914285714286,48.71,40.10000000000001,49.75,41.155857142857144,41.38,38.69,42.57,87.5,100.0,50.0,100.0,35.714285714285715,35.714285714285715,35.714285714285715,35.714285714285715,41.66666666666667,41.66666666666667,41.66666666666667,41.66666666666667,55.357142857142854,62.5,37.5,62.5,79.64285714285715,66.66666666666666,83.33333333333334,83.33333333333334,83.26951335000001,83.02010299999999,83.44037128571429,83.28763,82.14477266428571,81.87631999999999,82.35967814285712,82.12228,83.33686492142857,62.740961285714285,99.93292571428573,84.255875,14.524266160714284,11.724772607142855,14.835320999999997,14.835321,7.064765675714284,9.981629457142857,6.740669699999999,6.7406697,1.0674314285714286,1.0724857142857143,1.1791428571428573,1.1048,0.9078787635857142,0.15820713914285714,0.43943706285714285,2.1783278
ZA01,South Africa,Ancestral,pre-variant,Mitigation under constrained surveillance and high prior infection,2020-05-11,2020-09-28,2020-07-16,76.22134751773049,84.26,62.69928571428569,80.56,74.88851063829789,73.96000000000001,68.07857142857144,78.12,75.78340425531913,80.95000000000002,67.09000000000002,78.57,68.61702127659575,25.0,75.0,75.0,79.66058763931103,86.90476190476191,66.3265306122449,82.14285714285714,100.0,100.0,100.0,100.0,87.5,87.5,87.5,87.5,50.0,50.0,50.0,50.0,0.0,0.0,0.0,0.0,0.0,0.0,0.0,0.0,0.0,0.0,0.0,0.0,14.754180336170215,3.9271679428571424,9.505972107142856,24.269974,9.772869311347518,26.31746464285714,10.532489214285716,4.1315417,1.0759921985815604,1.403892857142857,0.9135714285714286,1.1324,2.1113737592907804,0.20922333285714284,1.1303621928571428,1.974126
ZA02,South Africa,Beta,Beta,Mitigation under constrained surveillance and high prior infection,2020-09-30,2021-04-04,2021-01-08,51.153850267379674,51.392857142857125,48.14999999999999,56.48,62.06700534759358,61.72000000000002,61.14999999999999,64.58,60.21839572192513,59.817857142857136,59.16999999999998,63.1,75.0,75.0,75.0,75.0,46.173924115100604,51.78571428571428,40.47619047619048,51.1904761904762,100.0,100.0,100.0,100.0,87.96791443850267,87.5,87.5,87.5,53.36898395721925,50.0,60.0,50.0,0.055352384331550805,0.0,0.3814330971428572,0.0,0.055352384331550805,0.0,0.3814330971428572,0.0,0.0,0.0,0.0,0.0,12.639294411764707,8.515882571428572,4.495075421428572,30.82471,11.317848093048129,11.820845,22.286066357142854,3.245531,0.9944604278074864,1.0125285714285714,0.9475142857142858,1.1242,2.9162674190909095,1.262374097142857,1.312267042142857,7.6491656
ZA03,South Africa,Delta,Delta,Mitigation under constrained surveillance and high prior infection,2021-04-05,2021-10-23,2021-07-05,51.46178217821782,45.56857142857143,48.14999999999999,72.22,60.23702970297029,55.04928571428572,60.94000000000002,71.98,61.18653465346535,52.20571428571428,62.5,75.12,53.58910891089109,75.0,50.0,50.0,45.232201791607736,37.159863945578245,40.47619047619048,75.0,92.16171617161717,84.52380952380953,100.0,83.33333333333334,87.5,87.5,87.5,87.5,67.06270627062709,38.333333333333336,83.33333333333334,80.0,8.752141602227724,0.45972667357142843,22.455277857142853,5.5567746,5.368610542772277,0.45972667357142843,16.974301142857147,0.769125,0.0,0.0,0.0,0.0,13.894848677722774,3.937881292857143,2.812409378571428,26.282475,12.53519351831683,25.554989714285714,36.95230178571429,3.809966,0.9967900990099011,1.0428142857142857,0.6561928571428571,1.1366,2.8476102387128717,0.7753859357142857,0.8795886392857142,4.442929
ZA04,South Africa,Omicron BA.1,Omicron BA.1,Mitigation under constrained surveillance and high prior infection,2021-11-03,2022-03-30,2021-12-14,46.4931081081081,48.14999999999999,36.48071428571429,57.41,57.03472972972974,60.94000000000002,48.646428571428565,66.15,58.039121621621625,62.5,48.44999999999999,68.45,50.0,50.0,50.0,50.0,38.65025740025741,40.47619047619048,28.656462585034028,52.38095238095239,100.0,100.0,100.0,100.0,86.23310810810811,87.5,75.0,87.5,60.810810810810814,83.33333333333334,50.0,83.33333333333334,30.42022376351352,25.597836285714287,33.379054571428576,29.70683,25.59385597297297,20.96699907142857,28.41605742857143,24.805813,0.8796436078378378,0.0,3.159185892857143,0.0,12.253138460810812,1.1508118857142855,5.735224885714284,24.43104,21.817904342567566,89.04883885714285,17.481564857142857,4.1236515,0.9940060810810812,0.9852357142857143,0.965392857142857,1.351,1.1735106527702706,0.38965597,0.2800549978571429,0.39619932
ZA05,South Africa,Omicron BA.4/BA.5,Omicron BA.4/BA.5,Mitigation under constrained surveillance and high prior infection,2022-03-31,2022-06-29,2022-05-08,33.79538461538462,35.64142857142857,21.731428571428577,36.11,46.85725274725275,48.17214285714285,38.56142857142857,48.43,46.414285714285704,47.915,36.93071428571428,48.22,50.0,50.0,50.0,50.0,31.17477760334903,32.48299319727891,14.79591836734694,34.523809523809526,100.0,100.0,100.0,100.0,72.8021978021978,75.0,60.714285714285715,75.0,50.0,50.0,50.0,50.0,34.47182896703297,33.68454692857143,35.235295071428574,34.28633,29.703060560439564,28.870443857142856,30.46299342857143,29.547075,4.6791841604395605,3.754687492857143,5.456667257142857,4.546709,13.275064874725274,5.9923944928571435,7.968995185714285,22.548717,9.832286923076923,16.714333785714285,12.569545642857145,4.457246,0.9885835164835165,1.0962714285714286,0.6800071428571429,1.2501,0.3136022084065934,0.16162052678571429,0.2859440078571428,0.35039592
KR01,South Korea,Ancestral,pre-variant,Test-trace-isolate with adaptive distancing,2020-02-19,2020-05-02,2020-03-01,61.66445945945947,50.267142857142844,45.63642857142857,55.56,53.86418918918919,38.69214285714286,50.15000000000001,41.67,57.64972972972973,44.21785714285714,50.170714285714276,47.62,27.364864864864863,0.0,50.0,0.0,67.42277992277994,55.95238095238095,44.38775510204082,63.095238095238095,83.33333333333334,83.33333333333334,83.33333333333334,83.33333333333334,58.277027027027025,50.0,62.5,50.0,34.45945945945946,0.0,50.0,0.0,0.0,0.0,0.0,0.0,0.0,0.0,0.0,0.0,0.0,0.0,0.0,0.0,1.527517777837838,1.9267480128571428,0.26152330928571427,3.1113143,220.25316586486485,433.38026035714284,435.87680499999993,32.86576,1.0714388888888888,3.399508333333333,0.4883214285714285,2.3535,0.06412325291081082,0.023646781385714282,0.02975553321428572,0.038623076
KR02,South Korea,Ancestral,pre-variant,Test-trace-isolate with adaptive distancing,2020-05-16,2020-09-30,2020-08-24,51.80355072463768,41.961428571428584,51.620000000000005,53.24,53.73760869565217,49.090714285714284,52.992142857142845,53.91,54.2695652173913,48.95642857142858,53.4242857142857,54.46,50.0,50.0,50.0,50.0,66.28709454796413,40.64625850340138,64.03061224489797,70.23809523809524,83.33333333333336,83.33333333333334,83.33333333333334,83.33333333333334,75.0,75.0,75.0,75.0,38.888888888888886,50.0,33.33333333333333,33.333333333333336,0.0,0.0,0.0,0.0,0.0,0.0,0.0,0.0,0.0,0.0,0.0,0.0,0.7036879729710146,0.21420870499999997,0.9449070264285714,1.9346384,215.8465840289855,488.69015214285724,106.13151892857142,51.737724,1.0959326086956522,1.2771142857142859,0.7544428571428572,1.3884,0.020171161294202898,0.013793955714285714,0.06069340485714286,0.011035165
KR03,South Korea,Ancestral,pre-variant,Test-trace-isolate with adaptive distancing,2020-10-01,2021-02-06,2020-12-22,59.302558139534874,61.277142857142884,63.88999999999999,61.57,57.83604651162791,58.64928571428571,58.33000000000002,60.16,59.98240310077519,59.88571428571428,63.10000000000001,61.61,42.82945736434109,50.0,25.0,50.0,65.47619047619047,67.43197278911563,70.23809523809521,70.23809523809524,83.33333333333336,83.33333333333334,83.33333333333334,83.33333333333334,86.33720930232558,76.78571428571429,87.5,87.5,33.333333333333336,33.33333333333333,33.33333333333333,33.333333333333336,0.0,0.0,0.0,0.0,0.0,0.0,0.0,0.0,0.0,0.0,0.0,0.0,1.2853081889147286,0.9175658464285714,0.674552025,1.913839,94.60323321705425,109.69391564285714,148.9062164285714,55.13115,1.0890868217054264,0.9542357142857144,0.9222285714285713,1.105,0.15564714651937983,0.04098775378571429,0.200012355,0.33657253
KR04,South Korea,Delta,Delta,Test-trace-isolate with adaptive distancing,2021-06-19,2021-10-19,2021-09-27,46.60065040650407,48.08142857142858,43.85142857142858,44.66,55.88959349593496,55.160000000000004,55.395714285714284,55.85,60.30170731707317,59.47000000000001,59.73428571428571,60.26,25.0,25.0,25.0,25.0,52.787456445993044,48.29931972789115,47.61904761904763,54.761904761904766,100.0,100.0,100.0,100.0,87.5,87.5,87.5,87.5,76.17886178861792,63.33333333333335,83.33333333333334,83.33333333333334,50.54713645528456,29.15197757142857,77.25463035714286,74.11014,27.8904353,8.8583751,60.729923714285704,46.094624,0.0032813442786666664,8.910895435714285e-05,0.015008513335714287,0.0053299842,1.2131710769105692,0.8766112042857144,1.347237207142857,1.491926,84.24335177235773,115.14712064285716,74.42136607142857,67.08485,1.0692398373983742,1.1346071428571427,0.8466714285714286,1.2016,0.10447519625203254,0.03704662428571428,0.2051358257142857,0.14069834
KR05,South Korea,Delta,Delta,Test-trace-isolate with adaptive distancing,2021-10-20,2022-01-06,2021-12-14,43.820759493670884,43.20142857142857,46.394999999999996,44.61,55.37911392405066,55.030714285714296,56.825714285714284,55.82,59.717974683544305,59.31714285714286,61.369285714285716,60.23,25.0,25.0,25.0,25.0,43.70102471368296,46.938775510204096,46.42857142857144,41.66666666666667,100.0,100.0,100.0,100.0,87.5,87.5,87.5,87.5,83.33333333333333,83.33333333333334,83.33333333333334,83.33333333333334,81.70900465822784,78.73391400000001,84.75391992857142,82.76271,77.8308462405063,71.24779964285713,81.65119421428572,80.338745,11.48135807518987,0.13584922142857142,34.0975385,15.441454,1.9607881405063288,1.241739507142857,2.416580914285714,2.544398,54.80970682278482,81.01788285714285,41.583653857142856,39.337452,1.092915189873418,1.0907,0.8156357142857144,1.1444,0.7642200592405063,0.2612969285714285,1.285793707142857,1.2028329
KR06,South Korea,Omicron BA.1/BA.2,Omicron BA.1/BA.2,Test-trace-isolate with adaptive distancing,2022-01-07,2022-06-21,2022-03-14,31.035783132530124,46.30357142857143,13.889999999999999,40.74,47.61512048192771,56.77428571428572,36.71714285714285,53.65,50.848012048192764,61.30999999999999,38.4,57.74,25.0,25.0,25.0,25.0,25.702811244979916,46.42857142857144,3.5714285714285707,38.095238095238095,100.0,100.0,100.0,100.0,87.5,87.5,87.5,87.5,78.0120481927711,83.33333333333334,66.66666666666666,83.33333333333334,86.06386323493976,85.347804,86.34798614285715,86.10369,85.02626753614456,83.29167507142857,85.503483,85.216156,62.536552469879524,43.78813814285714,72.70128199999999,62.411278,26.4944445313253,2.0776368714285716,8.369155885714285,34.8514,10.699239796385541,48.71788471428572,12.302844000000002,2.878528,1.0411686746987951,1.0707357142857143,0.7789285714285714,1.3781,2.1716838149999997,0.8370960578571429,0.24218244928571428,4.430619
KR07,South Korea,Omicron BA.5,Omicron BA.4/BA.5,Test-trace-isolate with adaptive distancing,2022-06-22,2022-10-09,2022-08-19,13.66254545454545,13.889999999999999,12.102857142857147,13.89,39.66609090909092,36.459999999999994,38.20571428571428,41.67,39.26190909090912,38.10000000000001,36.51928571428571,40.48,42.5,25.0,50.0,50.0,3.2792207792207786,3.5714285714285707,1.2755102040816326,3.5714285714285716,100.0,100.0,100.0,100.0,85.9090909090909,87.5,75.0,87.5,77.42424242424244,66.66666666666666,76.19047619047618,83.33333333333334,86.39170865454547,86.35560464285713,86.42104364285713,86.399315,85.57154797272729,85.52834150000001,85.60621499999999,85.57811,76.69834022727274,72.991458,79.306644,78.013435,6.873420699999998,6.873420699999999,6.873420699999999,6.8734207,14.548797,14.548797000000004,14.548797000000004,14.548797,1.089801818181818,1.1717357142857143,0.7632285714285715,1.0974,0.7347914760909091,0.16730097857142856,0.6997476707142856,1.1614511
KR08,South Korea,Omicron descendants,Omicron descendants,Test-trace-isolate with adaptive distancing,2022-10-10,2023-03-04,2022-12-19,11.11,11.110000000000001,11.110000000000001,11.11,36.46,36.459999999999994,36.459999999999994,36.46,34.52,34.519999999999996,34.519999999999996,34.52,50.0,50.0,50.0,50.0,0.0,0.0,0.0,0.0,100.0,100.0,100.0,100.0,75.0,75.0,75.0,75.0,66.66666666666667,66.66666666666666,66.66666666666666,66.66666666666667,86.44234080136987,86.42548714285715,86.44801,86.44801,85.63553115753425,85.615213,85.64171000000002,85.64171,79.73132109589042,79.43683007142859,79.80677,79.80677,6.873420699999999,6.873420699999999,6.873420699999999,6.8734207,14.548797000000004,14.548797000000004,14.548797000000004,14.548797,1.0317678082191781,1.0346571428571427,0.9517000000000003,1.0571,0.7091604876027398,0.4524417428571428,0.2689821357142857,1.0345466
UK01,United Kingdom,Ancestral,pre-variant,National suppression followed by vaccine-led reopening,2020-03-10,2020-07-03,2020-04-19,69.52931034482758,28.471428571428568,71.29999999999998,79.63,61.66758620689654,23.45642857142857,71.38714285714286,65.62,57.392586206896574,22.215000000000003,67.3042857142857,60.71,91.59482758620689,32.142857142857146,100.0,100.0,72.0032840722496,23.469387755102044,78.57142857142857,80.95238095238096,39.58333333333333,23.809523809523817,83.33333333333334,16.666666666666668,58.51293103448276,50.0,73.21428571428571,50.0,44.39655172413793,3.5714285714285716,50.0,50.0,0.0,0.0,0.0,0.0,0.0,0.0,0.0,0.0,0.0,0.0,0.0,0.0,8.818203657500002,,1.086395982857143,25.576635,39.60535440113637,,94.82187857142857,3.9293892,1.1660793103448277,2.31535,0.8087071428571428,1.0977,7.076854209689656,0.3291141231428572,1.3583627928571431,19.029652
UK02,United Kingdom,Ancestral/Alpha emergence,Alpha transition,National suppression followed by vaccine-led reopening,2020-08-05,2020-11-30,2020-11-13,67.27720338983052,68.32000000000002,66.99428571428572,64.81,67.57288135593221,69.12142857142858,67.3757142857143,66.15,62.93932203389832,64.71428571428572,62.71642857142858,61.31,100.0,100.0,100.0,100.0,71.36803874092008,76.53061224489797,67.51700680272108,61.904761904761905,63.62994350282486,83.33333333333334,58.33333333333335,58.333333333333336,86.22881355932203,76.78571428571429,87.5,87.5,50.0,50.0,50.0,50.0,0.0,0.0,0.0,0.0,0.0,0.0,0.0,0.0,0.0,0.0,0.0,0.0,3.9799494802542372,0.6273336307142856,6.919840671428572,8.055509,63.09346706355931,159.9874207142857,14.700710499999998,12.415691,1.1956864406779661,1.1303571428571428,0.9344285714285714,1.0192,2.2285983544915258,0.3178892228571428,6.95854117142857,6.2084184
UK03,United Kingdom,Alpha,Alpha,National suppression followed by vaccine-led reopening,2020-12-01,2021-04-26,2021-01-06,78.56680272108844,66.6657142857143,61.11000000000001,87.96,77.89551020408165,69.06142857142859,68.02,83.96,74.736462585034,64.64142857142858,63.450000000000024,81.67,100.0,100.0,100.0,100.0,83.84353741496598,68.02721088435375,60.7142857142857,91.66666666666667,58.333333333333336,58.33333333333335,58.33333333333335,58.333333333333336,87.5,87.5,87.5,87.5,76.25850340136054,65.0,73.33333333333336,80.0,21.826010238775513,0.0,48.55357657142856,0.0,3.152907225442177,0.0,15.711867428571427,0.0,0.0,0.0,0.0,0.0,4.142978389659865,5.25435865,0.27839448285714286,12.968335,105.60086752993197,19.090647571428573,369.99904142857133,7.727365,0.9162877551020409,1.0650071428571428,0.9054571428571428,1.1291,7.8058894297959185,6.804834835714287,0.562741742857143,11.8071
UK04,United Kingdom,Delta,Delta,National suppression followed by vaccine-led reopening,2021-05-17,2021-08-02,2021-07-18,52.67128205128205,62.5,43.980000000000004,51.39,63.5615384615385,68.79999999999998,57.80999999999998,63.8,58.359615384615374,64.35000000000001,51.789999999999985,58.63,100.0,100.0,100.0,100.0,51.64835164835167,67.85714285714288,46.42857142857144,46.42857142857143,58.33333333333331,58.33333333333335,58.33333333333335,58.333333333333336,87.5,87.5,87.5,87.5,78.46153846153847,73.33333333333336,83.33333333333334,83.33333333333334,63.2400807051282,55.95471742857143,68.41032028571428,67.92975,45.86940819230769,33.849252285714286,55.038946142857135,52.94821,0.0,0.0,0.0,0.0,1.6967100864102564,0.29379047928571433,3.905038914285714,3.5119483,137.87005944871794,350.34021642857135,26.027984428571425,28.829897,1.2484448717948717,1.1993857142857143,0.9871785714285713,1.1603,0.42663837358974366,0.180047425,1.0569367578571427,0.6872633
UK05,United Kingdom,Delta,Delta,National suppression followed by vaccine-led reopening,2021-08-03,2021-11-07,2021-10-20,42.86505154639174,43.980000000000004,43.625,43.64,53.51247422680412,57.80999999999998,48.23857142857143,48.25,51.07134020618556,51.789999999999985,51.55785714285714,51.57,70.61855670103093,100.0,25.0,25.0,42.390770741286204,46.42857142857144,38.09523809523809,38.095238095238095,58.33333333333334,58.33333333333335,58.33333333333335,58.333333333333336,87.5,87.5,87.5,87.5,83.33333333333336,83.33333333333334,83.33333333333334,83.33333333333334,71.29320081443299,69.11872285714286,73.35755021428572,72.682465,64.09569939175259,58.36254414285714,67.06077042857143,66.67729,2.9464262216494843,0.0,12.207012571428573,6.959878,3.7686851103092787,3.4390580142857146,4.705429114285715,4.4353027,27.252499020618558,29.15054292857143,21.310819928571426,22.593939,1.0178226804123711,0.9916571428571429,0.982,1.0522,1.9451867752577319,1.3540225071428573,2.5085410499999994,2.1036963
UK06,United Kingdom,Omicron BA.1,Omicron BA.1,National suppression followed by vaccine-led reopening,2021-11-08,2022-02-24,2022-01-29,39.9159633027523,43.60214285714287,31.04357142857143,36.82,46.15165137614679,48.22642857142858,41.15714285714286,44.41,49.173302752293566,51.544999999999995,43.46857142857142,47.18,25.0,25.0,25.0,25.0,34.589340323285285,38.09523809523809,23.299319727891156,30.952380952380956,58.33333333333333,58.33333333333335,58.33333333333335,58.333333333333336,87.5,87.5,87.5,87.5,83.33333333333339,83.33333333333334,83.33333333333334,83.33333333333334,75.82421156880733,74.19182242857144,77.07963392857144,76.75858,69.59543218348624,67.517375,71.63713971428572,70.972984,42.976713862385324,19.099339499999996,55.65317850000001,54.66368,6.462167034862386,4.074227978571428,5.876819349999999,7.7873626,17.380267454128436,24.618325857142857,17.109189571428573,12.8427,1.0598972477064221,1.0278142857142858,0.8077500000000002,1.1842,2.390677550458716,2.3425621642857144,2.039639571428571,3.2016413
UK07,United Kingdom,Omicron BA.2,Omicron BA.2,National suppression followed by vaccine-led reopening,2022-02-25,2022-06-02,2022-03-18,16.818673469387758,24.41428571428571,11.110000000000001,20.37,31.69183673469388,37.431428571428576,26.819999999999997,35.16,32.64663265306122,39.20428571428571,27.07999999999999,36.61,25.0,25.0,25.0,25.0,9.657434402332363,20.23809523809524,0.0,16.666666666666668,58.333333333333336,58.33333333333335,58.33333333333335,58.333333333333336,75.76530612244898,87.5,62.5,87.5,83.33333333333336,83.33333333333334,83.33333333333334,83.33333333333334,77.77952965306123,77.23174257142857,78.40755321428571,77.34018,72.69586854081633,71.9700432857143,73.28222714285717,72.286095,57.2520101632653,56.201475214285715,58.22483128571428,56.640118,6.879533734693876,5.5225807,3.0805097499999996,9.669919,17.81788904081633,18.223014999999997,32.504044714285705,10.403653,0.9423193877551023,1.0531857142857144,1.0258857142857143,1.1864,1.8906369533673468,1.703640785714286,0.7900834307142858,1.8396866
UK08,United Kingdom,Omicron BA.5,Omicron BA.4/BA.5,National suppression followed by vaccine-led reopening,2022-06-03,2022-08-21,2022-07-15,10.8325,11.110000000000001,9.524285714285714,11.11,20.963,24.591428571428565,17.595714285714287,20.57,23.777749999999997,27.07999999999999,20.109999999999996,23.51,1.25,7.142857142857143,0.0,0.0,0.0,0.0,0.0,0.0,36.458333333333336,58.33333333333335,16.666666666666664,33.333333333333336,61.25,62.5,55.357142857142854,62.5,83.33333333333336,83.33333333333334,83.33333333333334,83.33333333333334,78.6937639875,78.50578392857143,78.85275742857142,78.718636,73.8264249625,73.41204971428571,74.26087642857142,73.848366,58.784537924999995,58.41486600000001,59.09784328571428,58.841015,3.0355813999999994,3.035581399999999,3.035581399999999,3.0355814,32.94261999999999,32.94261999999999,32.94261999999999,32.94262,1.1210775,1.3553499999999998,1.0459714285714288,0.992,1.23979790325,0.5513671750000001,1.3010409714285713,1.7873037
US01,United States,Ancestral,pre-variant,Decentralised mitigation and vaccine-led transition,2020-03-16,2020-05-25,2020-04-07,71.75056338028165,67.9257142857143,72.69000000000003,72.69,61.5881690140845,51.07857142857142,64.58000000000001,64.58,62.84211267605635,56.45928571428571,64.88,64.88,52.816901408450704,13.392857142857142,62.5,62.5,90.25821596244134,84.52380952380952,91.66666666666667,91.66666666666667,41.666666666666664,41.66666666666667,41.66666666666667,41.66666666666667,89.96478873239437,62.5,100.0,100.0,50.0,50.0,50.0,50.0,0.0,0.0,0.0,0.0,0.0,0.0,0.0,0.0,0.0,0.0,0.0,0.0,11.405579788732394,6.619546328571429,6.692511171428571,16.04659,10.568511278873238,15.859598964285714,15.181021749999998,6.2771926,1.4656718309859151,2.9778285714285713,0.9392785714285715,1.334,3.9438167853661983,0.2251844757857143,4.154066478571428,3.695093
US02,United States,Ancestral,pre-variant,Decentralised mitigation and vaccine-led transition,2020-05-26,2020-09-08,2020-07-21,69.67999999999999,72.69000000000003,68.98,68.98,64.40339622641511,64.58000000000001,64.58000000000001,64.58,64.67792452830189,64.88,64.88,64.88,62.5,62.5,62.5,62.5,87.80323450134772,91.66666666666667,86.90476190476191,86.90476190476191,53.77358490566038,41.66666666666667,58.33333333333335,58.333333333333336,100.0,100.0,100.0,100.0,50.0,50.0,50.0,50.0,0.0,0.0,0.0,0.0,0.0,0.0,0.0,0.0,0.0,0.0,0.0,0.0,5.573109955660378,4.885526857142858,5.011491921428571,6.9156675,18.628558179245285,20.759834428571427,19.982282857142856,14.463122,1.0408452830188681,0.9850071428571429,0.9270571428571428,1.064,2.6798108632075466,2.8853609428571434,2.5446712285714286,2.8752625
US03,United States,Ancestral/Alpha transition,Alpha transition,Decentralised mitigation and vaccine-led transition,2020-09-30,2021-04-28,2021-01-08,66.84398104265402,66.20000000000002,54.32571428571429,71.76,64.88857819905213,61.980000000000004,61.87499999999999,68.44,65.22943127962085,61.89999999999999,61.785714285714285,69.29,62.5,62.5,62.5,62.5,80.98623335590162,83.33333333333334,63.09523809523809,86.90476190476191,68.99684044233807,58.33333333333335,75.0,75.0,100.0,100.0,100.0,100.0,45.03949447077409,33.33333333333333,77.61904761904763,43.333333333333336,11.199851743106635,0.0,42.1134535,2.924836,6.341006076042181,0.0,29.601719428571432,0.29971623,4.271222213744076e-06,0.0,2.8631323357142858e-05,0.0,7.689214132227487,4.29171295,5.098651371428572,13.183497,15.182013283886254,23.334576,19.683501,7.5967193,1.0131535545023695,1.0873571428571427,0.9127857142857143,1.0811,5.038924129857819,1.9553134999999997,2.0044316214285716,8.621186
US04,United States,Delta,Delta,Decentralised mitigation and vaccine-led transition,2021-06-19,2021-10-23,2021-09-02,52.11133858267716,58.857142857142875,52.21642857142859,52.47,55.21897637795276,62.01428571428572,51.11071428571429,56.0,58.691811023622044,63.72928571428572,58.40857142857142,58.64,30.905511811023622,50.0,0.0,37.5,60.76115485564305,77.3809523809524,58.33333333333335,58.33333333333333,75.0,75.0,75.0,75.0,78.64173228346456,87.5,75.0,75.0,83.33333333333339,83.33333333333334,83.33333333333334,83.33333333333334,58.98149968503936,53.379357571428564,64.08198328571429,60.81236,52.22018651968504,47.51920664285715,57.0535222142857,53.28192,0.8579071320058739,8.917747685714286e-05,3.8865538714285712,0.5531135,6.96162333937008,1.941814064285714,6.03573385,9.566207,19.35224301574803,51.691611785714294,16.6429485,10.454856,1.124772440944882,1.0201214285714284,0.8892928571428572,1.0275,3.0430556181889767,0.8090148785714286,4.602762228571429,4.5793386
US05,United States,Omicron BA.1,Omicron BA.1,Decentralised mitigation and vaccine-led transition,2021-10-24,2022-03-31,2022-01-12,45.97798742138365,52.16642857142857,37.08357142857142,47.54,47.521194968553466,51.071428571428555,42.40571428571428,48.4,54.30874213836479,58.36071428571429,48.46071428571429,55.32,0.0,0.0,0.0,0.0,47.00509134471399,58.33333333333335,30.44217687074831,51.19047619047619,75.0,75.0,75.0,75.0,75.0,75.0,75.0,75.0,83.33333333333334,83.33333333333334,83.33333333333334,83.33333333333334,71.31818102515723,65.02205864285715,74.79168157142858,72.47131,61.644423194968546,57.80517100000001,64.30083507142857,62.19766,21.8700780408805,6.797433535714286,29.824103357142853,25.09893,12.318616979245283,5.209905821428571,3.380980792857143,25.81482,13.605963513207545,19.25955057142857,29.705585785714284,3.8982897,0.9791735849056604,0.9836357142857143,0.908342857142857,1.2118,4.573891690566038,3.8268213999999996,2.3981085785714287,5.3414464
US06,United States,Omicron BA.5,Omicron BA.4/BA.5,Decentralised mitigation and vaccine-led transition,2022-04-05,2022-09-27,2022-07-14,28.562784090909098,29.834999999999997,24.170000000000005,30.75,37.15926136363636,37.870000000000005,34.68857142857143,38.39,42.46835227272727,43.287857142857135,39.64785714285714,43.87,0.0,0.0,0.0,0.0,15.286796536796539,20.23809523809524,17.857142857142858,13.095238095238097,75.0,75.0,75.0,75.0,75.0,75.0,75.0,75.0,83.33333333333336,83.33333333333334,83.33333333333334,83.33333333333334,76.1791007159091,75.08043271428572,77.25944271428573,76.35522,65.42825617045455,64.57387571428572,66.17896528571428,65.54539,36.30297129545455,31.357915071428575,38.96032300000001,37.341633,15.788549333522726,3.720874807142857,20.828125,20.828125,8.805332068181817,27.200774214285712,4.8012004,4.8012004,1.054944318181818,1.1300285714285716,0.903757142857143,1.1026,1.1492859996590907,1.4451005214285717,1.1748612285714286,1.1661669
