wave_id,province,province_zh,date,day,reported_confirmed
X001,Beijing,北京,2022-06-08,0,2.0
X001,Beijing,北京,2022-06-09,1,9.0
X001,Beijing,北京,2022-06-10,2,39.0
X001,Beijing,北京,2022-06-11,3,34.0
X001,Beijing,北京,2022-06-12,4,29.0
X001,Beijing,北京,2022-06-13,5,42.0
X001,Beijing,北京,2022-06-14,6,25.0
X001,Beijing,北京,2022-06-15,7,15.0
X001,Beijing,北京,2022-06-16,8,13.0
X001,Beijing,北京,2022-06-17,9,2.0
X001,Beijing,北京,2022-06-18,10,1.0
X001,Beijing,北京,2022-06-19,11,4.0
X001,Beijing,北京,2022-06-20,12,4.0
X001,Beijing,北京,2022-06-21,13,5.0
X001,Beijing,北京,2022-06-22,14,4.0
X001,Beijing,北京,2022-06-23,15,5.0
X001,Beijing,北京,2022-06-24,16,5.0
X001,Beijing,北京,2022-06-25,17,1.0
X001,Beijing,北京,2022-06-26,18,3.0
X001,Beijing,北京,2022-06-27,19,1.0
X001,Beijing,北京,2022-06-28,20,1.0
X001,Beijing,北京,2022-06-29,21,3.0
X001,Beijing,北京,2022-06-30,22,0.0
X001,Beijing,北京,2022-07-01,23,0.0
X001,Beijing,北京,2022-07-02,24,1.0
X001,Beijing,北京,2022-07-03,25,1.0
X001,Beijing,北京,2022-07-04,26,4.0
X001,Beijing,北京,2022-07-05,27,7.0
X001,Beijing,北京,2022-07-06,28,6.0
X001,Beijing,北京,2022-07-07,29,0.0
X001,Beijing,北京,2022-07-08,30,3.0
X001,Beijing,北京,2022-07-09,31,3.0
X001,Beijing,北京,2022-07-10,32,2.0
X002,Anhui,安徽,2022-06-29,0,1.0
X002,Anhui,安徽,2022-06-30,1,9.0
X002,Anhui,安徽,2022-07-01,2,34.0
X002,Anhui,安徽,2022-07-02,3,61.0
X002,Anhui,安徽,2022-07-03,4,29.0
X002,Anhui,安徽,2022-07-04,5,52.0
X002,Anhui,安徽,2022-07-05,6,81.0
X002,Anhui,安徽,2022-07-06,7,39.0
X002,Anhui,安徽,2022-07-07,8,17.0
X002,Anhui,安徽,2022-07-08,9,25.0
X002,Anhui,安徽,2022-07-09,10,12.0
X002,Anhui,安徽,2022-07-10,11,9.0
X002,Anhui,安徽,2022-07-11,12,5.0
X002,Anhui,安徽,2022-07-12,13,7.0
X002,Anhui,安徽,2022-07-13,14,0.0
X002,Anhui,安徽,2022-07-14,15,0.0
X002,Anhui,安徽,2022-07-15,16,16.0
X002,Anhui,安徽,2022-07-16,17,5.0
X002,Anhui,安徽,2022-07-17,18,3.0
X002,Anhui,安徽,2022-07-18,19,6.0
X002,Anhui,安徽,2022-07-19,20,4.0
X002,Anhui,安徽,2022-07-20,21,7.0
X002,Anhui,安徽,2022-07-21,22,8.0
X002,Anhui,安徽,2022-07-22,23,7.0
X002,Anhui,安徽,2022-07-23,24,0.0
X002,Anhui,安徽,2022-07-24,25,2.0
X003,Gansu,甘肃,2022-07-08,0,4.0
X003,Gansu,甘肃,2022-07-09,1,5.0
X003,Gansu,甘肃,2022-07-10,2,2.0
X003,Gansu,甘肃,2022-07-11,3,0.0
X003,Gansu,甘肃,2022-07-12,4,8.0
X003,Gansu,甘肃,2022-07-13,5,36.0
X003,Gansu,甘肃,2022-07-14,6,30.0
X003,Gansu,甘肃,2022-07-15,7,31.0
X003,Gansu,甘肃,2022-07-16,8,53.0
X003,Gansu,甘肃,2022-07-17,9,29.0
X003,Gansu,甘肃,2022-07-18,10,32.0
X003,Gansu,甘肃,2022-07-19,11,47.0
X003,Gansu,甘肃,2022-07-20,12,49.0
X003,Gansu,甘肃,2022-07-21,13,52.0
X003,Gansu,甘肃,2022-07-22,14,42.0
X003,Gansu,甘肃,2022-07-23,15,26.0
X003,Gansu,甘肃,2022-07-24,16,24.0
X003,Gansu,甘肃,2022-07-25,17,37.0
X003,Gansu,甘肃,2022-07-26,18,15.0
X003,Gansu,甘肃,2022-07-27,19,23.0
X003,Gansu,甘肃,2022-07-28,20,21.0
X003,Gansu,甘肃,2022-07-29,21,19.0
X003,Gansu,甘肃,2022-07-30,22,31.0
X003,Gansu,甘肃,2022-07-31,23,15.0
X003,Gansu,甘肃,2022-08-01,24,10.0
X003,Gansu,甘肃,2022-08-02,25,10.0
X004,Guangxi,广西,2022-07-16,0,9.0
X004,Guangxi,广西,2022-07-17,1,59.0
X004,Guangxi,广西,2022-07-18,2,135.0
X004,Guangxi,广西,2022-07-19,3,21.0
X004,Guangxi,广西,2022-07-20,4,54.0
X004,Guangxi,广西,2022-07-21,5,22.0
X004,Guangxi,广西,2022-07-22,6,35.0
X004,Guangxi,广西,2022-07-23,7,23.0
X004,Guangxi,广西,2022-07-24,8,22.0
X004,Guangxi,广西,2022-07-25,9,32.0
X004,Guangxi,广西,2022-07-26,10,33.0
X004,Guangxi,广西,2022-07-27,11,32.0
X004,Guangxi,广西,2022-07-28,12,10.0
X004,Guangxi,广西,2022-07-29,13,15.0
X004,Guangxi,广西,2022-07-30,14,32.0
X004,Guangxi,广西,2022-07-31,15,9.0
X004,Guangxi,广西,2022-08-01,16,9.0
X004,Guangxi,广西,2022-08-02,17,4.0
X004,Guangxi,广西,2022-08-03,18,2.0
X004,Guangxi,广西,2022-08-04,19,16.0
X004,Guangxi,广西,2022-08-05,20,4.0
X004,Guangxi,广西,2022-08-06,21,3.0
X004,Guangxi,广西,2022-08-07,22,6.0
X004,Guangxi,广西,2022-08-08,23,3.0
X004,Guangxi,广西,2022-08-09,24,2.0
X004,Guangxi,广西,2022-08-10,25,4.0
X004,Guangxi,广西,2022-08-11,26,1.0
X004,Guangxi,广西,2022-08-12,27,1.0
X004,Guangxi,广西,2022-08-13,28,1.0
X004,Guangxi,广西,2022-08-14,29,0.0
X004,Guangxi,广西,2022-08-15,30,1.0
X004,Guangxi,广西,2022-08-16,31,0.0
X004,Guangxi,广西,2022-08-17,32,1.0
X004,Guangxi,广西,2022-08-18,33,1.0
X005,Hainan,海南,2022-08-01,0,1.0
X005,Hainan,海南,2022-08-02,1,12.0
X005,Hainan,海南,2022-08-03,2,24.0
X005,Hainan,海南,2022-08-04,3,0.0
X005,Hainan,海南,2022-08-05,4,127.0
X005,Hainan,海南,2022-08-06,5,262.0
X005,Hainan,海南,2022-08-07,6,297.0
X005,Hainan,海南,2022-08-08,7,559.0
X005,Hainan,海南,2022-08-09,8,0.0
X005,Hainan,海南,2022-08-10,9,285.0
X005,Hainan,海南,2022-08-11,10,559.0
X005,Hainan,海南,2022-08-12,11,0.0
X005,Hainan,海南,2022-08-13,12,0.0
X005,Hainan,海南,2022-08-14,13,1683.0
X005,Hainan,海南,2022-08-15,14,1007.0
X005,Hainan,海南,2022-08-16,15,482.0
X005,Hainan,海南,2022-08-17,16,496.0
X005,Hainan,海南,2022-08-18,17,441.0
X005,Hainan,海南,2022-08-19,18,469.0
X005,Hainan,海南,2022-08-20,19,440.0
X005,Hainan,海南,2022-08-21,20,232.0
X005,Hainan,海南,2022-08-22,21,205.0
X005,Hainan,海南,2022-08-23,22,264.0
X005,Hainan,海南,2022-08-24,23,217.0
X005,Hainan,海南,2022-08-25,24,111.0
X005,Hainan,海南,2022-08-26,25,91.0
X005,Hainan,海南,2022-08-27,26,70.0
X005,Hainan,海南,2022-08-28,27,34.0
X005,Hainan,海南,2022-08-29,28,37.0
X005,Hainan,海南,2022-08-30,29,36.0
X005,Hainan,海南,2022-08-31,30,24.0
X005,Hainan,海南,2022-09-01,31,27.0
X005,Hainan,海南,2022-09-02,32,40.0
X005,Hainan,海南,2022-09-03,33,24.0
X005,Hainan,海南,2022-09-04,34,14.0
X005,Hainan,海南,2022-09-05,35,30.0
X005,Hainan,海南,2022-09-06,36,13.0
X005,Hainan,海南,2022-09-07,37,2.0
X005,Hainan,海南,2022-09-08,38,1.0
X005,Hainan,海南,2022-09-09,39,2.0
X006,Tibet,西藏,2022-08-09,0,1.0
X006,Tibet,西藏,2022-08-10,1,10.0
X006,Tibet,西藏,2022-08-11,2,2.0
X006,Tibet,西藏,2022-08-12,3,0.0
X006,Tibet,西藏,2022-08-13,4,0.0
X006,Tibet,西藏,2022-08-14,5,70.0
X006,Tibet,西藏,2022-08-15,6,95.0
X006,Tibet,西藏,2022-08-16,7,16.0
X006,Tibet,西藏,2022-08-17,8,19.0
X006,Tibet,西藏,2022-08-18,9,15.0
X006,Tibet,西藏,2022-08-19,10,0.0
X006,Tibet,西藏,2022-08-20,11,0.0
X006,Tibet,西藏,2022-08-21,12,0.0
X006,Tibet,西藏,2022-08-22,13,139.0
X006,Tibet,西藏,2022-08-23,14,23.0
X006,Tibet,西藏,2022-08-24,15,37.0
X006,Tibet,西藏,2022-08-25,16,0.0
X006,Tibet,西藏,2022-08-26,17,117.0
X006,Tibet,西藏,2022-08-27,18,51.0
X006,Tibet,西藏,2022-08-28,19,24.0
X006,Tibet,西藏,2022-08-29,20,49.0
X006,Tibet,西藏,2022-08-30,21,45.0
X006,Tibet,西藏,2022-08-31,22,53.0
X006,Tibet,西藏,2022-09-01,23,46.0
X006,Tibet,西藏,2022-09-02,24,65.0
X006,Tibet,西藏,2022-09-03,25,51.0
X006,Tibet,西藏,2022-09-04,26,64.0
X006,Tibet,西藏,2022-09-05,27,52.0
X006,Tibet,西藏,2022-09-06,28,76.0
X006,Tibet,西藏,2022-09-07,29,18.0
X006,Tibet,西藏,2022-09-08,30,20.0
X006,Tibet,西藏,2022-09-09,31,16.0
X006,Tibet,西藏,2022-09-10,32,16.0
X006,Tibet,西藏,2022-09-11,33,10.0
X006,Tibet,西藏,2022-09-12,34,11.0
X006,Tibet,西藏,2022-09-13,35,0.0
X006,Tibet,西藏,2022-09-14,36,17.0
X006,Tibet,西藏,2022-09-15,37,10.0
X006,Tibet,西藏,2022-09-16,38,10.0
X006,Tibet,西藏,2022-09-17,39,6.0
X006,Tibet,西藏,2022-09-18,40,11.0
X006,Tibet,西藏,2022-09-19,41,16.0
X006,Tibet,西藏,2022-09-20,42,13.0
X006,Tibet,西藏,2022-09-21,43,13.0
X006,Tibet,西藏,2022-09-22,44,9.0
X006,Tibet,西藏,2022-09-23,45,11.0
X006,Tibet,西藏,2022-09-24,46,8.0
X006,Tibet,西藏,2022-09-25,47,9.0
X006,Tibet,西藏,2022-09-26,48,11.0
X006,Tibet,西藏,2022-09-27,49,13.0
X006,Tibet,西藏,2022-09-28,50,5.0
X006,Tibet,西藏,2022-09-29,51,6.0
X006,Tibet,西藏,2022-09-30,52,5.0
X006,Tibet,西藏,2022-10-01,53,5.0
X006,Tibet,西藏,2022-10-02,54,6.0
X006,Tibet,西藏,2022-10-03,55,6.0
X006,Tibet,西藏,2022-10-04,56,0.0
X006,Tibet,西藏,2022-10-05,57,9.0
X006,Tibet,西藏,2022-10-06,58,5.0
X006,Tibet,西藏,2022-10-07,59,0.0
X006,Tibet,西藏,2022-10-08,60,8.0
X006,Tibet,西藏,2022-10-09,61,5.0
X006,Tibet,西藏,2022-10-10,62,4.0
X006,Tibet,西藏,2022-10-11,63,5.0
X006,Tibet,西藏,2022-10-12,64,0.0
X006,Tibet,西藏,2022-10-13,65,3.0
X006,Tibet,西藏,2022-10-14,66,2.0
X006,Tibet,西藏,2022-10-15,67,1.0
X006,Tibet,西藏,2022-10-16,68,2.0
X006,Tibet,西藏,2022-10-17,69,2.0
X006,Tibet,西藏,2022-10-18,70,2.0
X006,Tibet,西藏,2022-10-19,71,1.0
X006,Tibet,西藏,2022-10-20,72,0.0
X006,Tibet,西藏,2022-10-21,73,2.0
X006,Tibet,西藏,2022-10-22,74,1.0
X006,Tibet,西藏,2022-10-23,75,1.0
X007,Xinjiang,新疆,2022-08-11,0,1.0
X007,Xinjiang,新疆,2022-08-12,1,2.0
X007,Xinjiang,新疆,2022-08-13,2,2.0
X007,Xinjiang,新疆,2022-08-14,3,1.0
X007,Xinjiang,新疆,2022-08-15,4,12.0
X007,Xinjiang,新疆,2022-08-16,5,0.0
X007,Xinjiang,新疆,2022-08-17,6,9.0
X007,Xinjiang,新疆,2022-08-18,7,6.0
X007,Xinjiang,新疆,2022-08-19,8,0.0
X007,Xinjiang,新疆,2022-08-20,9,11.0
X007,Xinjiang,新疆,2022-08-21,10,4.0
X007,Xinjiang,新疆,2022-08-22,11,4.0
X007,Xinjiang,新疆,2022-08-23,12,6.0
X007,Xinjiang,新疆,2022-08-24,13,13.0
X007,Xinjiang,新疆,2022-08-25,14,2.0
X007,Xinjiang,新疆,2022-08-26,15,15.0
X007,Xinjiang,新疆,2022-08-27,16,4.0
X007,Xinjiang,新疆,2022-08-28,17,8.0
X007,Xinjiang,新疆,2022-08-29,18,16.0
X007,Xinjiang,新疆,2022-08-30,19,1.0
X007,Xinjiang,新疆,2022-08-31,20,5.0
X007,Xinjiang,新疆,2022-09-01,21,4.0
X007,Xinjiang,新疆,2022-09-02,22,1.0
X007,Xinjiang,新疆,2022-09-03,23,0.0
X007,Xinjiang,新疆,2022-09-04,24,1.0
X007,Xinjiang,新疆,2022-09-05,25,4.0
X007,Xinjiang,新疆,2022-09-06,26,2.0
X007,Xinjiang,新疆,2022-09-07,27,1.0
X007,Xinjiang,新疆,2022-09-08,28,3.0
X007,Xinjiang,新疆,2022-09-09,29,2.0
X007,Xinjiang,新疆,2022-09-10,30,2.0
X007,Xinjiang,新疆,2022-09-11,31,4.0
X007,Xinjiang,新疆,2022-09-12,32,3.0
X007,Xinjiang,新疆,2022-09-13,33,1.0
X007,Xinjiang,新疆,2022-09-14,34,2.0
X007,Xinjiang,新疆,2022-09-15,35,4.0
X007,Xinjiang,新疆,2022-09-16,36,1.0
X007,Xinjiang,新疆,2022-09-17,37,2.0
X007,Xinjiang,新疆,2022-09-18,38,0.0
X007,Xinjiang,新疆,2022-09-19,39,0.0
X007,Xinjiang,新疆,2022-09-20,40,0.0
X007,Xinjiang,新疆,2022-09-21,41,0.0
X007,Xinjiang,新疆,2022-09-22,42,0.0
X007,Xinjiang,新疆,2022-09-23,43,1.0
X007,Xinjiang,新疆,2022-09-24,44,0.0
X007,Xinjiang,新疆,2022-09-25,45,0.0
X007,Xinjiang,新疆,2022-09-26,46,1.0
X008,Heilongjiang,黑龙江,2022-08-12,0,1.0
X008,Heilongjiang,黑龙江,2022-08-13,1,0.0
X008,Heilongjiang,黑龙江,2022-08-14,2,6.0
X008,Heilongjiang,黑龙江,2022-08-15,3,1.0
X008,Heilongjiang,黑龙江,2022-08-16,4,0.0
X008,Heilongjiang,黑龙江,2022-08-17,5,4.0
X008,Heilongjiang,黑龙江,2022-08-18,6,3.0
X008,Heilongjiang,黑龙江,2022-08-19,7,4.0
X008,Heilongjiang,黑龙江,2022-08-20,8,3.0
X008,Heilongjiang,黑龙江,2022-08-21,9,4.0
X008,Heilongjiang,黑龙江,2022-08-22,10,3.0
X008,Heilongjiang,黑龙江,2022-08-23,11,0.0
X008,Heilongjiang,黑龙江,2022-08-24,12,1.0
X008,Heilongjiang,黑龙江,2022-08-25,13,0.0
X008,Heilongjiang,黑龙江,2022-08-26,14,0.0
X008,Heilongjiang,黑龙江,2022-08-27,15,1.0
X008,Heilongjiang,黑龙江,2022-08-28,16,17.0
X008,Heilongjiang,黑龙江,2022-08-29,17,8.0
X008,Heilongjiang,黑龙江,2022-08-30,18,13.0
X008,Heilongjiang,黑龙江,2022-08-31,19,10.0
X008,Heilongjiang,黑龙江,2022-09-01,20,13.0
X008,Heilongjiang,黑龙江,2022-09-02,21,67.0
X008,Heilongjiang,黑龙江,2022-09-03,22,8.0
X008,Heilongjiang,黑龙江,2022-09-04,23,5.0
X008,Heilongjiang,黑龙江,2022-09-05,24,8.0
X008,Heilongjiang,黑龙江,2022-09-06,25,15.0
X008,Heilongjiang,黑龙江,2022-09-07,26,6.0
X008,Heilongjiang,黑龙江,2022-09-08,27,14.0
X008,Heilongjiang,黑龙江,2022-09-09,28,2.0
X008,Heilongjiang,黑龙江,2022-09-10,29,2.0
X008,Heilongjiang,黑龙江,2022-09-11,30,3.0
X008,Heilongjiang,黑龙江,2022-09-12,31,0.0
X008,Heilongjiang,黑龙江,2022-09-13,32,1.0
X008,Heilongjiang,黑龙江,2022-09-14,33,0.0
X008,Heilongjiang,黑龙江,2022-09-15,34,10.0
X008,Heilongjiang,黑龙江,2022-09-16,35,3.0
X008,Heilongjiang,黑龙江,2022-09-17,36,1.0
X008,Heilongjiang,黑龙江,2022-09-18,37,4.0
X008,Heilongjiang,黑龙江,2022-09-19,38,4.0
X008,Heilongjiang,黑龙江,2022-09-20,39,10.0
X008,Heilongjiang,黑龙江,2022-09-21,40,8.0
X008,Heilongjiang,黑龙江,2022-09-22,41,17.0
X008,Heilongjiang,黑龙江,2022-09-23,42,22.0
X008,Heilongjiang,黑龙江,2022-09-24,43,11.0
X008,Heilongjiang,黑龙江,2022-09-25,44,16.0
X008,Heilongjiang,黑龙江,2022-09-26,45,21.0
X008,Heilongjiang,黑龙江,2022-09-27,46,5.0
X008,Heilongjiang,黑龙江,2022-09-28,47,9.0
X008,Heilongjiang,黑龙江,2022-09-29,48,15.0
X008,Heilongjiang,黑龙江,2022-09-30,49,5.0
X008,Heilongjiang,黑龙江,2022-10-01,50,0.0
X008,Heilongjiang,黑龙江,2022-10-02,51,0.0
X008,Heilongjiang,黑龙江,2022-10-03,52,2.0
X008,Heilongjiang,黑龙江,2022-10-04,53,1.0
X008,Heilongjiang,黑龙江,2022-10-05,54,5.0
X008,Heilongjiang,黑龙江,2022-10-06,55,3.0
X008,Heilongjiang,黑龙江,2022-10-07,56,1.0
X008,Heilongjiang,黑龙江,2022-10-08,57,2.0
X008,Heilongjiang,黑龙江,2022-10-09,58,1.0
X008,Heilongjiang,黑龙江,2022-10-10,59,0.0
X008,Heilongjiang,黑龙江,2022-10-11,60,6.0
X008,Heilongjiang,黑龙江,2022-10-12,61,3.0
X008,Heilongjiang,黑龙江,2022-10-13,62,11.0
X008,Heilongjiang,黑龙江,2022-10-14,63,25.0
X008,Heilongjiang,黑龙江,2022-10-15,64,6.0
X008,Heilongjiang,黑龙江,2022-10-16,65,7.0
X008,Heilongjiang,黑龙江,2022-10-17,66,4.0
X008,Heilongjiang,黑龙江,2022-10-18,67,1.0
X008,Heilongjiang,黑龙江,2022-10-19,68,0.0
X008,Heilongjiang,黑龙江,2022-10-20,69,0.0
X008,Heilongjiang,黑龙江,2022-10-21,70,1.0
X009,Sichuan,四川,2022-08-10,0,3.0
X009,Sichuan,四川,2022-08-11,1,8.0
X009,Sichuan,四川,2022-08-12,2,11.0
X009,Sichuan,四川,2022-08-13,3,8.0
X009,Sichuan,四川,2022-08-14,4,8.0
X009,Sichuan,四川,2022-08-15,5,22.0
X009,Sichuan,四川,2022-08-16,6,5.0
X009,Sichuan,四川,2022-08-17,7,5.0
X009,Sichuan,四川,2022-08-18,8,7.0
X009,Sichuan,四川,2022-08-19,9,17.0
X009,Sichuan,四川,2022-08-20,10,15.0
X009,Sichuan,四川,2022-08-21,11,9.0
X009,Sichuan,四川,2022-08-22,12,9.0
X009,Sichuan,四川,2022-08-23,13,18.0
X009,Sichuan,四川,2022-08-24,14,18.0
X009,Sichuan,四川,2022-08-25,15,28.0
X009,Sichuan,四川,2022-08-26,16,59.0
X009,Sichuan,四川,2022-08-27,17,71.0
X009,Sichuan,四川,2022-08-28,18,169.0
X009,Sichuan,四川,2022-08-29,19,168.0
X009,Sichuan,四川,2022-08-30,20,166.0
X009,Sichuan,四川,2022-08-31,21,134.0
X009,Sichuan,四川,2022-09-01,22,137.0
X009,Sichuan,四川,2022-09-02,23,132.0
X009,Sichuan,四川,2022-09-03,24,102.0
X009,Sichuan,四川,2022-09-04,25,108.0
X009,Sichuan,四川,2022-09-05,26,69.0
X009,Sichuan,四川,2022-09-06,27,89.0
X009,Sichuan,四川,2022-09-07,28,70.0
X009,Sichuan,四川,2022-09-08,29,59.0
X009,Sichuan,四川,2022-09-09,30,89.0
X009,Sichuan,四川,2022-09-10,31,98.0
X009,Sichuan,四川,2022-09-11,32,84.0
X009,Sichuan,四川,2022-09-12,33,129.0
X009,Sichuan,四川,2022-09-13,34,129.0
X009,Sichuan,四川,2022-09-14,35,88.0
X009,Sichuan,四川,2022-09-15,36,46.0
X009,Sichuan,四川,2022-09-16,37,36.0
X009,Sichuan,四川,2022-09-17,38,31.0
X009,Sichuan,四川,2022-09-18,39,49.0
X009,Sichuan,四川,2022-09-19,40,38.0
X009,Sichuan,四川,2022-09-20,41,31.0
X009,Sichuan,四川,2022-09-21,42,44.0
X009,Sichuan,四川,2022-09-22,43,44.0
X009,Sichuan,四川,2022-09-23,44,52.0
X009,Sichuan,四川,2022-09-24,45,46.0
X009,Sichuan,四川,2022-09-25,46,38.0
X009,Sichuan,四川,2022-09-26,47,62.0
X009,Sichuan,四川,2022-09-27,48,16.0
X009,Sichuan,四川,2022-09-28,49,7.0
X009,Sichuan,四川,2022-09-29,50,12.0
X009,Sichuan,四川,2022-09-30,51,26.0
X009,Sichuan,四川,2022-10-01,52,31.0
X009,Sichuan,四川,2022-10-02,53,54.0
X009,Sichuan,四川,2022-10-03,54,26.0
X009,Sichuan,四川,2022-10-04,55,0.0
X009,Sichuan,四川,2022-10-05,56,72.0
X009,Sichuan,四川,2022-10-06,57,47.0
X009,Sichuan,四川,2022-10-07,58,51.0
X009,Sichuan,四川,2022-10-08,59,27.0
X009,Sichuan,四川,2022-10-09,60,22.0
X009,Sichuan,四川,2022-10-10,61,20.0
X009,Sichuan,四川,2022-10-11,62,18.0
X009,Sichuan,四川,2022-10-12,63,30.0
X009,Sichuan,四川,2022-10-13,64,14.0
X009,Sichuan,四川,2022-10-14,65,20.0
X009,Sichuan,四川,2022-10-15,66,16.0
X009,Sichuan,四川,2022-10-16,67,12.0
X009,Sichuan,四川,2022-10-17,68,12.0
X009,Sichuan,四川,2022-10-18,69,12.0
X009,Sichuan,四川,2022-10-19,70,11.0
X009,Sichuan,四川,2022-10-20,71,14.0
X010,Inner Mongolia,内蒙古,2022-09-30,0,19.0
X010,Inner Mongolia,内蒙古,2022-10-01,1,27.0
X010,Inner Mongolia,内蒙古,2022-10-02,2,87.0
X010,Inner Mongolia,内蒙古,2022-10-03,3,153.0
X010,Inner Mongolia,内蒙古,2022-10-04,4,65.0
X010,Inner Mongolia,内蒙古,2022-10-05,5,26.0
X010,Inner Mongolia,内蒙古,2022-10-06,6,15.0
X010,Inner Mongolia,内蒙古,2022-10-07,7,256.0
X010,Inner Mongolia,内蒙古,2022-10-08,8,210.0
X010,Inner Mongolia,内蒙古,2022-10-09,9,123.0
X010,Inner Mongolia,内蒙古,2022-10-10,10,147.0
X010,Inner Mongolia,内蒙古,2022-10-11,11,48.0
X010,Inner Mongolia,内蒙古,2022-10-12,12,55.0
X010,Inner Mongolia,内蒙古,2022-10-13,13,56.0
X010,Inner Mongolia,内蒙古,2022-10-14,14,49.0
X010,Inner Mongolia,内蒙古,2022-10-15,15,13.0
X010,Inner Mongolia,内蒙古,2022-10-16,16,16.0
X010,Inner Mongolia,内蒙古,2022-10-17,17,19.0
X010,Inner Mongolia,内蒙古,2022-10-18,18,26.0
X010,Inner Mongolia,内蒙古,2022-10-19,19,30.0
X010,Inner Mongolia,内蒙古,2022-10-20,20,27.0
X010,Inner Mongolia,内蒙古,2022-10-21,21,34.0
X010,Inner Mongolia,内蒙古,2022-10-22,22,31.0
X010,Inner Mongolia,内蒙古,2022-10-23,23,32.0
X010,Inner Mongolia,内蒙古,2022-10-24,24,22.0
X010,Inner Mongolia,内蒙古,2022-10-25,25,35.0
X010,Inner Mongolia,内蒙古,2022-10-26,26,31.0
X010,Inner Mongolia,内蒙古,2022-10-27,27,38.0
X010,Inner Mongolia,内蒙古,2022-10-28,28,0.0
X010,Inner Mongolia,内蒙古,2022-10-29,29,23.0
X010,Inner Mongolia,内蒙古,2022-10-30,30,21.0
X010,Inner Mongolia,内蒙古,2022-10-31,31,24.0
