wave_id,province,variant,start,end,duration_days,peak_cases,total_cases,reservoir_sse_log1p,classic_sse_log1p,reservoir_aic,classic_aic,delta_aic_classic_minus_reservoir,Q_accessible_scale,beta0_per_day,control_decay_q_per_day,activation_a_per_day,initial_active_fraction_s0,initial_reserve_fraction_u0,R0_combined,initial_active_count,recruited_to_active_count,direct_infections_from_reserve,max_active_count,Rt_below_one_day,recruitment_share_of_accessible_susceptible
W001,Anhui,Alpha,2020-01-22,2020-02-22,32,74.0,989.0,3.7895578006316812,4.789966521263926,-58.27157010584173,-54.7747993823695,3.496770723472231,4560.6450960192415,7.997106282008418,0.2447686076530445,5.667237471373171,0.22070020186232284,0.7775456603278785,11.028082804725413,1006.5352933138593,3181.016301403804,353.4462557115335,3569.5580369447066,15.5,0.759636324341818
W002,Beijing,Alpha,2020-01-22,2020-03-14,53,29.0,437.0,23.599653165425735,24.671305027321907,-32.880174594467235,-34.526507507411026,-1.646332912943791,5248.039101350849,7.999997911996396,0.2128278435472585,1.0911207221876114,0.0019092338755183286,0.9767494617178184,0.6092451241212504,10.019734032343807,1688.409229005298,187.6010254450333,1555.8810245695458,0.25,0.9941005869239196
W003,Chongqing,Alpha,2020-01-22,2020-02-24,34,53.0,576.0,9.124800054103614,9.192089956063906,-34.72239426706885,-38.47258472433967,-3.7501904572708185,2591.755895505443,0.49090541473028343,0.08279463297573329,6.622884645383875,0.0019092703715406804,0.9795704669435205,3.248477458113744,4.948362741554425,2282.1283143073506,253.56981270081653,2061.25922015234,12.25,0.9978363809170853
W004,Fujian,Alpha,2020-01-22,2020-02-19,29,24.0,293.0,4.805559877183893,3.5811641332533224,-42.12814596475798,-54.65662926083421,-12.528483296076232,1923.738497468561,1.472678425432505,0.1523661260993283,701.3040718042589,0.9958406546394767,7.75986085382787e-07,7.333037337381368,1915.737004674255,7091.365629552016,787.9295143946683,1915.7365737300636,13.5,0.787308185276429
W005,Guangdong,Alpha,2020-01-22,2020-03-06,45,99.0,1352.0,8.500500486761837,14.429353190602805,-64.99418512453751,-45.18290738663456,19.811277737902948,1475.1325940900965,1.8009889130687948,0.0001148461030561249,1.1314944185886981,0.0019113629282116135,0.857084363399495,0.5021048039358872,2.8195137545404405,1133.6155518820015,125.95728354244467,326.7556455285024,0.25,0.997518983846245
W006,Guangxi,Alpha,2020-01-22,2020-02-25,35,20.0,252.0,13.407704404644337,13.512587697924381,-23.58314974649955,-27.310423594419426,-3.727273847919875,1968.9635842871296,0.05000001838457685,0.026389959550473477,6.490584683922818,0.0019178271513567192,0.9899560703002344,3.2131763107876923,3.776131821978501,1703.4343170396883,189.27047967107657,1686.1986361150477,14.0,0.997788127512051
W007,Guizhou,Alpha,2020-01-22,2020-02-17,27,18.0,146.0,9.349909736063044,13.124266964845889,-18.632694769477997,-13.477095553362158,5.155599216115839,147.4600000000001,2.156159021896961,0.00036549175935013015,1.4046660104239836,0.002334191216621689,0.9434138082408583,0.6877550923530492,0.3441998368030345,124.70573055822732,13.856192284247474,36.78055697146621,0.25,0.9972475007645909
W008,Hainan,Alpha,2020-01-22,2020-02-19,29,19.0,168.0,11.980548999142856,13.444744377451961,-15.636330949259069,-16.292519034335513,-0.6561880850764439,350.2433658012835,3.0605167634898875,0.1390613055807111,1.0868313027835537,0.0025915809683006025,0.9060433765367739,0.5320160366370627,0.9076840410841525,257.64381173832084,28.62709019314676,153.38817924825025,0.25,0.9964893490971908
W009,Hebei,Alpha,2020-01-22,2020-02-28,38,23.0,318.0,11.874762787020812,13.462645299073346,-34.20048986173102,-33.431358328248514,0.7691315334825077,2260.6640162275967,7.999999517844965,0.27942996288870325,6.06308728546311,0.0019099782590639258,0.9945512384708111,3.091424610115011,4.317819122042848,1978.2846317163842,219.8094035240428,1917.4320704985678,17.0,0.997822145775511
W010,Henan,Alpha,2020-01-22,2020-02-23,33,109.0,1271.0,8.490790181099047,14.174112155038372,-34.798341285350375,-21.887981496523008,12.910359788827368,1535.332495583182,7.9999999887786135,0.17207179538047507,2.7958848890726573,0.0019092290922659576,0.972037782310755,1.4352220371686857,2.931301466868706,1343.1376633749646,149.23751815277384,593.3246585263331,15.0,0.9978223244540736
W011,Hubei,Alpha,2020-01-22,2020-03-18,57,14840.0,67800.0,204.77378158211445,222.04380460270357,82.89471205846957,83.50993451838715,0.6152224599175895,68478.00000002573,3.292079004881466,0.10119223449679166,1.213555718670275,0.0020873707152712904,0.9460419554917051,0.6083962591302293,142.93897184040114,55754.40456250526,6194.933840278362,30198.054942765128,0.25,0.9974428306820419
W012,Hunan,Alpha,2020-01-22,2020-02-23,33,78.0,1016.0,4.8425809764251015,5.297129675914331,-53.32897086818542,-54.36830112036644,-1.039330252181017,5411.056572135845,7.998707017274348,0.28339919322796037,6.649079952701482,0.002663173842880174,0.9914230088511276,3.402535162925844,14.410584325257041,4816.787958821344,535.1986620912606,4376.759756680946,14.0,0.9970171823414922
W013,Jiangsu,Alpha,2020-01-22,2020-02-19,29,39.0,631.0,2.084709133279066,2.287324504774788,-66.34732817780613,-67.65747798559809,-1.3101498077919587,2859.441016600538,4.10653586387217,0.18857874261925617,4.53472016468285,0.36350408611332075,0.6336981642728367,8.900534753367415,1039.4184935343235,1612.0674217185679,179.11860241317416,2196.818920833429,16.0,0.607986417142331
W014,Jiangxi,Alpha,2020-01-22,2020-02-19,29,85.0,934.0,20.20410013467658,21.590175943174017,-0.4808978071527754,-2.5566656498820155,-2.07576784272924,3904.89916204006,7.9999999234932195,0.23876631072200105,6.616212854591368,0.0026931165058333775,0.9932094665479014,3.3933672791411573,10.51634838690501,3481.7609970124213,386.86233300138014,3098.4136948021574,16.0,0.9969886846467804
W015,Liaoning,Alpha,2020-01-22,2020-02-16,26,16.0,121.0,5.877880940131911,6.610118705785287,-28.65940586030363,-29.606868070903147,-0.9474622105995181,124.40578122276783,7.261444587192175,0.00010068008692027662,0.7397198343688297,0.0019092290920121992,0.8694793845018407,0.3909043794249159,0.23751913672501332,93.039088572968,10.337676508107558,7.673380627700027,0.25,0.9974536044614561
W016,Ningxia,Alpha,2020-01-22,2020-02-15,25,6.0,70.0,7.042376014916274,7.059399879654449,-21.67325523801224,-25.612894496445147,-3.9396392584329085,3799004.1937690303,0.4605810792028512,0.0888521293327017,3.299424077841336,0.3387983535651648,0.6611995406198395,1.8710093988753285,1287096.3660361038,494.74042047926923,54.97115783102994,1287578.265192832,-1.0,0.0003842372147480744
W017,Shandong,Alpha,2020-01-22,2020-02-25,35,40.0,555.0,3.6958911699879358,3.9651461303969833,-68.68442237225791,-70.22318732001848,-1.5387649477605692,2672.650875021035,6.0554442792627245,0.2359234014847313,3.4347020874979504,0.17768963084926423,0.8163238034718668,6.781862828981955,474.90234737145073,1896.186525948282,210.68739177203128,2052.535893046004,14.75,0.7997112834040061
W018,Shanghai,Alpha,2020-01-22,2020-02-26,36,34.0,339.0,6.177064366770023,8.775513119482628,-53.456328850516684,-44.815933043726524,8.64039580679016,372.3717682551357,1.608697849011304,0.00014719554911928404,1.0203132931348093,0.0019124874753372989,0.8047323601258154,0.42592263466523983,0.7121563429571501,267.72499709567325,29.747221899519246,77.88516666628736,0.25,0.9973470276568206
W019,Shanxi,Alpha,2020-01-22,2020-02-24,34,19.0,135.0,17.89918705968328,19.554551605436554,-11.814577767671498,-12.807183184075154,-0.9926054164036557,136.35000389971282,4.277483452560001,0.15248883131394386,2.1322677507590213,0.0019096305234567149,0.9394178372345633,1.0423872442344713,0.2603781293203337,115.23250954592642,12.803612171769606,51.447115236480705,13.75,0.9977455050647773
W020,Sichuan,Alpha,2020-01-22,2020-02-28,38,35.0,535.0,6.40372070574144,7.041893212127216,-57.666865164496855,-58.0569459342297,-0.39008076973284744,681.0391844244567,1.0260810362939614,0.05439597192156995,4.366705317677593,0.004639922821348884,0.9366263054444978,2.0687902184148714,3.1599692540438684,574.091265025396,63.78791833615507,401.2472352459812,14.75,0.9945258336970334
W021,Tianjin,Alpha,2020-01-22,2020-02-22,32,12.0,136.0,10.041175529505178,11.605429338612277,-27.089334744894146,-26.456411768156165,0.63292297673798,162.04264953980106,1.360322303728344,0.0003661723054212978,0.6275818813574138,0.002060005236908766,0.8004611205847219,0.2651888033528326,0.3338087066545621,106.66955365077,11.852172627863332,27.881477088040214,0.25,0.9968803904821568
W022,Yunnan,Alpha,2020-01-22,2020-02-21,31,18.0,176.0,8.558683639626503,9.885422358118463,-29.898265003805804,-29.43070666963083,0.4675583341749743,40795.57768573056,0.07015369414456954,0.00010000000000904583,427.8343255685923,0.9741009758213086,0.025702924492062896,5.839980592219566,39739.01203286414,943.4174531832915,104.82416146481017,40643.21648958436,10.25,0.023189801226272035
W023,Zhejiang,Alpha,2020-01-22,2020-02-22,32,132.0,1179.0,2.8354140247139723,6.189857881383589,-67.55353394622078,-46.57036082417761,20.98317312204317,1190.9204893782662,2.4889962134127472,0.06245247475564945,2.795754363095672,0.0019092291317738474,0.9309158412960892,1.3250663328868217,2.2737400919473525,997.7803837465966,110.86448708295518,451.92160473840323,12.5,0.9977263829639362
W024,Gansu,Alpha,2020-01-23,2020-02-13,22,12.0,90.0,9.505827415838581,10.089539154723841,-8.461023473610162,-11.14995245705018,-2.688928983440018,92.9216703999418,4.817198772235537,0.00010000309396369911,0.6793421118360827,0.0019092290942641222,0.8259027341309468,0.32652093403188354,0.17740875661519018,63.6214925623388,7.069054729148755,7.081844857461799,0.25,0.9972192505835566
W025,Heilongjiang,Alpha,2020-01-23,2020-02-23,32,50.0,480.0,5.50233504925461,6.940735859344154,-46.33802707997106,-42.90649927347779,3.4315278064932713,988.86197457864,7.999999998754808,0.1906501064656655,3.026369770366733,0.0019092320292626403,0.9819105523174682,1.5621814875274627,1.8879669543854383,872.4121438055749,96.93468264506389,551.8229728648154,17.0,0.9978405962298893
W026,Jilin,Alpha,2020-01-23,2020-02-20,29,12.0,91.0,6.927489391434662,9.756347667337952,-31.522152544475446,-25.591953706268367,5.93019883820708,91.91000000000012,2.0195522729987347,0.0004266154972621823,1.4195425118824787,0.0022229870400630614,0.9107353417598499,0.6688609599989929,0.20431473885219625,75.21866996678878,8.357629996309864,23.092971797481464,0.25,0.9972910812181873
W027,Shaanxi,Alpha,2020-01-23,2020-02-20,29,24.0,245.0,4.66930002653129,5.249738452973189,-42.96231304697628,-43.56440962005141,-0.60209657307513,268.4924423516449,1.1237806199575848,0.04339709776482398,4.075587941838823,0.005869253850376366,0.904742755225964,1.8766581004858085,1.5758503010693463,218.62492624248802,24.291658471387564,142.12789991102164,12.25,0.9928435751826221
W028,Xinjiang,Alpha,2020-01-23,2020-02-21,30,6.0,78.0,5.68738913993202,7.771021248738596,-39.88838268365421,-34.52387373225929,5.364508951394917,95.46616522162003,1.2533708411439288,0.0002954762423727003,0.8148449829107307,0.0021669260928369304,0.8302344282209475,0.35183598913617786,0.20686812440180993,68.55431408455803,7.617146009395337,20.91844564475961,0.25,0.9969914984188296
W029,Inner Mongolia,Alpha,2020-01-24,2020-02-19,27,7.0,75.0,7.327171829181747,7.327172022133554,-25.214676009088087,-29.214675298077225,-3.9999992889891374,150.18005042035838,0.5266703135587769,0.03975442358917797,0.2024528572775851,0.9965555961958912,0.0,2.6242812416362193,149.66276968338926,4.3914626732724285e-05,4.879402970302696e-06,142.17990024030794,14.5,2.934237682473519e-07
W030,Qinghai,Alpha,2020-01-25,2020-02-06,13,5.0,18.0,3.5705285206962323,3.8432977971706115,-6.799064458990063,-9.842041254965467,-3.042976795975404,183.4711101678394,4.014723717003419,0.0005093486054925164,0.5683477429952063,0.0019838074867440025,0.9544125974149236,0.31104131764848264,0.3639713619521935,28.59351024457412,3.1770566938415703,15.085423557314128,0.25,0.9874308350468711
W031,Beijing,Alpha,2020-06-11,2020-07-10,30,42.0,385.0,5.890066973337923,5.890065121432318,-38.837900401332504,-42.83790983368313,-4.000009432350623,545.770185498048,3.3402821980611135,0.2211205493017681,0.03126662824792926,0.99623160573312,0.0,16.638473488880894,543.7135082599831,4.771436234278114e-05,5.301595815864571e-06,537.7696397278625,9.5,8.775643317773879e-08
W032,Xinjiang,Alpha,2020-07-16,2020-08-15,31,112.0,826.0,4.100509937746433,5.5280057167738095,-52.70915176691017,-47.44896260002112,5.260189166889049,834.2600077423465,1.516074652408163,0.04102684221404481,2.711410692092646,0.0019279780788161393,0.9405360025093263,1.2897044802293904,1.6084350069602267,706.1798196075654,78.46442440084061,378.6916803853809,16.25,0.99772751949828
W033,Liaoning,Alpha,2020-07-22,2020-08-05,15,36.0,196.0,3.3191566635637733,4.247029087415863,-12.625092011606881,-12.927457512932087,-0.30236550132520534,1319.0556340410342,2.3181710802733533,0.5097330454231521,1841.7262134431874,0.9936276491401275,0.00030740576313590057,11.800073030048656,1310.6501487372332,61332.18138910942,6814.686821012157,1310.6501487372332,4.75,0.9790774121066613
W034,Xinjiang,Alpha,2020-10-24,2020-11-07,15,137.0,430.0,26.065238610972873,27.44136129924855,18.288285573023806,15.06001815833792,-3.2282674146858863,1573.8852949034992,1.986682591072079,0.3165864063834064,151.61480586103679,0.7179717947516694,0.27694524270594884,28.12640993106966,1130.005249915126,392.29204048953613,43.58800449883734,1474.2030230823518,7.0,0.2576973912795957
W035,Liaoning,Alpha,2020-12-15,2021-01-11,28,10.0,124.0,7.900575665774466,11.522076048801113,-25.427528759606922,-18.86231044007906,6.565218319527862,150.82377594407512,1.3703153604050249,0.00032867527276701314,0.8794166050692771,0.002107170383695494,0.7857246896814876,0.35992710927824495,0.31781139382648,104.22183393032252,11.580203770035823,31.041355194827965,0.25,0.9969598959912482
W036,Hebei,Alpha,2021-01-02,2021-02-03,33,90.0,943.0,5.308237983114337,5.581015293526885,-50.299171169677024,-52.64551602952684,-2.3463448598498147,142155.56804785327,1.5196811135304658,0.3279600219595336,199.77408520914165,0.9480331127356767,0.051910610889715825,12.388737483699876,134768.18566911464,6626.510518820435,736.2789465356036,141246.17757215904,12.75,0.046865340054995756
W037,Heilongjiang,Alpha,2021-01-11,2021-02-05,26,68.0,638.0,7.888664137627881,8.878072686381131,-21.009412936285887,-21.93731315429337,-0.9279002180074833,1173.7819854859997,1.2122940426331006,0.1195997857036168,57.45573875323586,0.2729388520327561,0.7202455722479697,22.34553144023924,320.37070765527795,760.8701500476499,84.54112778307221,1015.3034856003843,11.5,0.7037008864642776
W038,Jilin,Alpha,2021-01-16,2021-02-06,22,67.0,416.0,11.354887037970984,11.57960160401262,-4.550672973528513,-8.119542483284825,-3.5688695097563112,6574.549725553702,0.4655864188654312,0.15896263924591186,79.95467065116065,0.8693141844929893,0.11851768181884968,6.761725498217657,5715.349333078323,701.2803528098136,77.92003920109038,6306.431684800992,5.25,0.10929107446421678
W039,Yunnan,Alpha,2021-03-30,2021-04-20,22,29.0,118.0,7.357626588583314,7.589559848512617,-14.096711034018497,-17.41391480132372,-3.317203767305223,95319738.94672775,1.0003002984101586,0.7341624777438484,1.5988885022080812,0.8988667494385505,0.10113249520898215,4.576533180366384,85679743.90437637,100.15273177736313,11.128081308595906,85679783.62315808,2.25,1.1689182313474844e-06
W040,Guangdong,Delta,2021-05-21,2021-06-21,32,16.0,165.0,7.967357698132991,8.371231153629708,-34.49225587010165,-36.909918012194005,-2.417662142092354,193.6260627336067,1.8430540476353263,0.0964668795420339,4.8889096291863305,0.0031660032756610523,0.9555172448002629,2.364894305238968,0.6130207488679512,166.5117357505992,18.501303972288813,110.1925841842285,13.75,0.9963319572593291
W041,Yunnan,Delta,2021-07-04,2021-07-27,24,15.0,90.0,13.442038736685303,13.531586048528844,-3.9120035609434627,-7.752652091000698,-3.8406485300572353,391.7246055092939,0.14295234715808847,0.04246492052246915,7.691778008986649,0.15592625344947522,0.7828062140482026,3.122035930827878,61.08015012103786,275.772742421801,30.641415824644554,316.98038607013797,4.75,0.8186741112395562
W042,Jiangsu,Delta,2021-07-21,2021-08-26,37,61.0,835.0,12.549444040852098,18.297482281035585,-30.00593726051114,-20.053714373727008,9.952222886784131,1660.6993101338844,4.718717770586592,0.17663576897677544,1.517362393216825,0.002200425078452277,0.9351753542902911,0.7614158814343399,3.654244409786995,1365.5446262287364,151.72718069208187,780.0124874700894,13.75,0.9973311076358979
W043,Hunan,Delta,2021-07-29,2021-08-15,18,15.0,110.0,1.2807039321456224,1.411366039746209,-37.57331391454335,-39.82464659994026,-2.2513326853969104,322.25820814569175,7.999837810043774,0.39581812132027255,3.2959677312198488,0.00629416793754194,0.9440562045415155,1.8075510065609262,2.02834728132033,271.80244780769806,30.200271978633133,200.78789776097383,8.5,0.9925926984156273
W044,Henan,Delta,2021-07-31,2021-08-14,15,32.0,167.0,3.076410528007161,3.1910796337683895,-13.76430045084808,-17.21536347565276,-3.4510630248046823,8263.583076544895,1.5023918164195573,0.00010000791577507568,0.19390431326892793,0.002023948862185684,0.9669967534616497,0.10895624174362922,16.725069565349916,222.44038617349685,24.715598463721882,210.44100862486846,0.25,0.9300690414733528
W045,Hubei,Delta,2021-07-31,2021-08-16,17,15.0,90.0,6.873632851038635,7.20484409526728,-5.3938498312564835,-8.593815805203622,-3.1999659739471387,290.342257166251,7.999939065442451,0.4048884084701999,5.013491026290362,0.0034818837578358547,0.9689644281291068,2.5682215220881277,1.0109379894405701,251.9092745297468,27.98991939219408,207.89130475504228,9.0,0.9960029371303811
W046,Yunnan,Delta,2021-07-31,2021-08-13,14,13.0,54.0,8.949496688143938,9.284293830745968,3.735559511800866,0.24973530430186308,-3.485824207499003,54.540000133590965,2.511936452294493,0.001007767104064657,1.7003107437974716,0.002466224251541875,0.5574897724258674,0.5049279177913586,0.13450787100855913,27.33781355362052,3.0375348392911676,8.223132379693629,4.5,0.9951038767374396
W047,Fujian,Delta,2021-09-10,2021-09-29,20,61.0,482.0,2.9782164979882393,3.7634270685965254,-28.08815285623291,-27.408045537211365,0.6801073190215448,1354.4762359368792,7.9999999999895355,0.4911425398445364,16.104044094725026,0.0019092290920673688,0.9803717446428469,7.9703440661580505,2.586005434164595,1195.101207434162,132.78902304824018,965.3137470023964,7.0,0.9978408340613663
W048,Heilongjiang,Delta,2021-09-21,2021-10-03,13,15.0,88.0,2.136649917668112,2.303891258418279,-13.474232782944696,-16.49454756391395,-3.0203147809692545,219.19324653425025,7.999967902030095,0.604952583305751,3.480646480427818,0.0061559470624561905,0.8843516284241368,1.7852945859987706,1.3493420221127534,173.95234981330773,19.328038868145285,118.75866365421295,5.5,0.9923027438641502
W049,Inner Mongolia,Delta,2021-10-13,2021-11-12,31,36.0,189.0,8.791446447877757,18.271451714204535,-29.066446457854504,-10.38806872873732,18.678377729117184,190.89000000000306,3.4641221716800397,0.0002278487878259912,1.892247949901783,0.0019092307605288513,0.9561818164394299,0.9377355839874448,0.36445305987735827,164.2529072164182,18.250323024046466,43.464857219901134,14.5,0.9977860593787713
W050,Gansu,Delta,2021-10-18,2021-11-08,22,17.0,145.0,3.945472195223877,4.058044508087459,-27.806423855562855,-31.187507368633028,-3.3810835130701733,2089.1105166483353,0.8956547127792701,0.13249348967561483,126.91475373870892,0.9263011565223931,0.06986946253473807,8.581962797186964,1935.1454876744472,131.36852607649934,14.596502897388813,2030.8196579951705,11.0,0.06357011140611027
W051,Heilongjiang,Delta,2021-10-27,2021-11-15,20,45.0,279.0,3.009322477408456,3.009315624540893,-27.880346213837285,-31.880391758144462,-4.000045544307177,281.79001926421745,3.900718451469618,0.16829571086142323,20.28880382421868,0.9976061222585164,0.0,19.456903041964253,281.1154484093286,0.00025361101734068905,2.817900192674321e-05,273.7897374741982,7.25,9.021588460449342e-07
W052,Hebei,Delta,2021-10-31,2021-11-14,15,23.0,131.0,1.2417465746110852,1.4758251791900032,-27.37296926927057,-28.782493863329492,-1.4095245940589223,312.28934880405495,4.393574511308596,0.4784118908343603,2.0022724381360573,0.0019601289316420927,0.7931017255789431,0.8370627254471386,0.612127387634497,220.40616628306498,24.489574031451664,140.00051539277175,4.75,0.9972304220683934
W053,Henan,Delta,2021-11-02,2021-11-14,13,14.0,85.0,3.535863150947063,3.6459306694359586,-6.925894896174036,-10.527390059698206,-3.60149516352417,198.9604739107925,7.998700220987006,0.6007211647320974,3.147378848614036,0.0064822397352177685,0.8728907858298458,1.6329064602483563,1.2897094897222974,155.67865807464898,17.297628674961004,103.86814123938817,5.25,0.9917836344307704
W054,Liaoning,Delta,2021-11-04,2021-11-27,24,60.0,330.0,6.973883254021948,7.877829373903582,-19.661158937822254,-20.73603419013114,-1.0748752523088854,1342.8742754293564,7.999999999203935,0.543725410429044,3.4129187366172626,0.001954775786468265,0.9503862577927643,1.6999865645731944,2.6250181178804213,1121.0401951844851,124.56002168716502,1000.8764027916699,7.0,0.9976638788067814
W055,Inner Mongolia,Delta,2021-11-27,2021-12-17,21,93.0,560.0,2.717777433101718,3.0775897120880176,-32.938868244090926,-34.32788987028968,-1.3890216261987547,696.9573765423719,7.999999978980059,0.3662314132426405,12.68605020580201,0.0019106169615122322,0.9636539917107357,6.188906138191639,1.3316185850729232,604.463182161569,67.1625757957299,386.52798217478136,7.25,0.9978018652777649
W056,Zhejiang,Delta,2021-12-06,2021-12-27,22,77.0,501.0,11.254786906096802,15.352777608484061,-4.745476073775841,-1.914412968046637,2.8310631057292035,3720.6492184986873,0.10474198699317226,0.7420526033144843,23.780425460932314,0.009984430652912737,0.9878654069613872,11.751158783367325,37.14856410591411,3307.8946368320726,367.54384853689675,3344.6880802691603,8.25,0.9888944441445522
W057,Shaanxi,Delta,2021-12-09,2022-01-20,43,180.0,2116.0,14.707915366361954,18.3115726811782,-36.13101518078426,-30.707675357063813,5.423339823720447,10939.374083633063,7.999579498552243,0.1932316156110319,7.9599294004502505,0.002615700558588092,0.9966529961749875,4.071266265964222,28.6141269011631,9787.33590258165,1087.4817669535169,9227.867285559565,21.5,0.9970849355573107
W058,Henan,Delta,2021-12-31,2022-01-26,27,118.0,1048.0,11.264748671930533,17.568299430559367,-13.602282278150934,-5.603000431797499,7.999281846353435,4831.797851793537,7.993895972861324,0.3453472825572617,8.340884574137652,0.0039094168540150225,0.989467789523085,4.282775669347325,18.889511956995236,4299.220314069163,477.6911460076849,3947.264329071467,11.75,0.9956255137736099
W059,Tianjin,Omicron,2022-01-08,2022-02-07,31,80.0,446.0,16.48381323506918,26.39107015353811,-9.57985795553267,1.0101933973023964,10.590051352835067,897.7639665563695,7.999996927572819,0.00010000032534376914,0.10125525654438222,0.26098314584112,0.7122837696354959,10.475383062299663,234.30126421468333,103.08433013044365,11.45381445893819,234.30126421468333,6.25,0.30553862363396733
W060,Beijing,Omicron,2022-01-15,2022-02-06,23,20.0,129.0,5.367331641715541,6.82720048297254,-23.468756633439014,-21.93532876990844,1.533427863530573,130.29000000000008,5.174106281857202,0.09498786266421669,2.279889613898863,0.001909229092011845,0.9366892819218803,1.1171668538444546,0.2487534583982234,109.83114246944005,12.20346027438223,33.713487615359355,11.5,0.9977402462338896
W061,Xinjiang,Omicron,2022-01-23,2022-01-29,7,22.0,48.0,2.685192128960089,2.553035387656404,3.292894929286355,-1.0603900478091184,-4.353284977095473,156.78869519463828,3.6576219724633185,1.0,0.023420273133235917,0.9975084595207943,0.0,18.242544296306466,156.398049813879,2.7952768268739577e-06,3.1058631409710645e-07,140.7885384059431,2.75,1.7872836523365026e-08
W062,Heilongjiang,Omicron,2022-01-25,2022-01-30,6,20.0,73.0,2.0968931765792216,2.6512141712228985,3.692184041953741,1.0995494619517832,-2.592634580001958,202.53133518053662,0.9356337580165924,0.6320372254830048,30.98862796301272,0.9891513789391175,0.0,4.627417109620505,200.3341494722084,0.00018227816135472227,2.0253129039413582e-05,101.26546505893313,1.0,9.098698149298915e-07
W063,Zhejiang,Omicron,2022-01-26,2022-02-03,9,24.0,95.0,9.238068280476185,9.23727035748477,10.234974033159796,6.234196639351983,-4.000777393807813,461.70162378098564,0.5673475244734174,0.5479057730133904,6.740965493661866,0.043921345889052284,0.8521154070101113,2.9966336119448713,20.278556715621757,350.68588879547787,38.9650987550531,357.2389935011285,3.25,0.9453355787543788
W064,Guangxi,Omicron,2022-02-05,2022-02-16,12,72.0,279.0,4.809505694913387,6.369246096204081,-0.9717480449768487,-1.6011064734283815,-0.6293584284515328,4468.384808498617,0.28026496884064483,0.9217378093547007,1730.7059240086508,0.9891679151445567,8.994825415803518e-05,1.4639825627435477,4419.982885086186,0.36173107118766173,0.04019234124307356,4419.982885086186,0.5,8.183322853728865e-05
W065,Liaoning,Omicron,2022-02-08,2022-03-01,22,29.0,209.0,9.624343261073227,10.007677540755582,-8.188429778820122,-11.329177818944402,-3.1407480401242793,726.8703978748078,1.0902434901653584,0.16567989100777028,17.32360960294852,0.013385140016274399,0.9756087713833504,8.523498049167184,9.729262049239384,638.2270187835061,70.91411319816736,590.1546970153364,9.25,0.9849846936621705
W066,Jiangsu,Omicron,2022-02-11,2022-05-28,107,133.0,3988.0,82.91578665438139,95.55155139694334,-17.285359558640373,-6.108433233302854,11.176926325337519,7102.723004001543,7.998675012227483,0.046450868929188566,1.16458122579479,0.0436720706543929,0.9552016007536722,2.302798426921057,310.1906208693372,5715.560581880267,635.0622868755846,3295.7681020549385,64.5,0.9485224977877044
W067,Guangdong,Omicron,2022-02-12,2022-05-22,100,256.0,3399.0,74.40941130772843,115.352289204117,-19.558775607737985,20.282064415747836,39.840840023485825,2096461.701342054,0.13403197462555463,0.00010000000000000026,1486.2999641106364,0.9962672991581908,0.0037288848884841977,3.438779104768581,2088636.2369846336,7033.679264219096,781.5199182465656,2094801.8142895345,28.0,0.003356291565614988
W068,Yunnan,Omicron,2022-02-12,2022-05-05,83,56.0,1079.0,37.11575489090137,37.953154788715175,-56.79832266007634,-58.94650211363037,-2.148179453554036,22340.82632579963,0.1784509832155511,0.004729836321644864,18.600927542220727,0.8782713554672602,0.12065437809111386,1.9057836068281935,19621.307819418693,2361.828507990503,262.4253897767224,21415.49327233157,33.25,0.10743819593410796
W069,Inner Mongolia,Omicron,2022-02-15,2022-03-31,45,66.0,527.0,20.772621777571693,25.928691811595474,-24.786198385492995,-18.80905540170247,5.977142983790525,8222839.383740033,2.2393986429886428,0.31382267671368896,1.5202919350577475,0.5721527796850827,0.4278404100152888,6.731611954463792,4704720.410310833,1340.9407904340803,148.99342115934223,4705802.434110526,7.25,0.0002849390797084033
W070,Heilongjiang,Omicron,2022-02-18,2022-03-04,15,16.0,63.0,8.922013835952914,9.913248371459888,2.2070722955612814,-0.21267178859613978,-2.419744084157421,116.87030344158579,2.005492629824422,0.0004400159038725746,0.7326109329937827,0.0020417986736617575,0.861054304195643,0.33588295953561087,0.238625630557477,63.15375835749545,7.017084261943941,18.614506983788417,0.25,0.9962357365894509
W071,Guangxi,Omicron,2022-02-23,2022-05-04,71,136.0,963.0,54.401329593180286,55.57900063639136,-8.906681052316141,-11.386084780068249,-2.479403727752107,1948.552906368816,7.996027702816469,0.05354845973299113,0.4693188857298147,0.04403834238141896,0.9436448249980468,1.9820941972361077,85.81104003897892,828.3301369409276,92.03668188232533,440.5506251362037,34.0,0.9061293351609176
W072,Shanghai,Omicron,2022-02-24,2022-05-31,97,27605.0,626812.0,11.46837930616963,13.906401890554426,-197.10638351732985,-182.40908264277934,14.697300874550507,1978006.8782140717,3.111146179692366,0.05000112912416428,6.9695728897631115,0.06227303311566038,0.9377229224090206,4.236466674443888,123176.4878300289,1669312.152035447,185479.12800393862,1540000.4246763857,51.5,0.9312818585900361
W073,Tianjin,Omicron,2022-02-24,2022-04-14,50,76.0,865.0,28.072898290209295,49.121642827607296,-18.86091840752336,5.113836151945407,23.974754559468767,873.650000000001,3.7385975138400775,0.04760416124711445,2.760237354583367,0.001909229100842639,0.9889337858364892,1.4005351842865195,1.6679980039511735,777.5827091399409,86.39807879332666,353.1289688486026,24.75,0.9978594847721568
W074,Shandong,Omicron,2022-02-28,2022-05-07,69,555.0,5807.0,59.42638935008584,121.78608336572721,-0.3063997095248503,45.20301143879744,45.509411148322286,99987300.64527485,4.420070620807337,0.20118375732891705,3.9868559272153337,0.6908458345426739,0.3091540854471653,15.884213282839932,69075810.15795414,21565.909083753722,2396.2121204170776,69095801.36353882,18.5,0.00031210894409117065
W075,Jilin,Omicron,2022-03-01,2022-05-31,92,4427.0,75060.0,47.886338102391036,63.62076805373138,-50.072166395270536,-27.934072881831156,22.13809351343938,75810.6000037747,0.5574529477712105,0.00010000001314593205,11.743354339961869,0.0019093242926685253,0.9972464665862215,5.860831102974467,144.74702022898362,68041.66768519115,7560.185298354569,58586.20227815008,28.75,0.9978771868141869
W076,Hebei,Omicron,2022-03-02,2022-05-16,76,555.0,6377.0,57.135262211717524,83.09861769220822,-11.683701539519195,12.786399264712113,24.470100804231308,294269.1594792826,0.12461151388587853,0.00584578706311091,122.06411268946316,0.9116468660407318,0.0883259479639225,5.95872271336921,268269.5570117283,23392.060975050157,2599.1178861166823,290225.0674463766,20.0,0.08020274020461096
W077,Zhejiang,Omicron,2022-03-03,2022-05-28,87,68.0,1600.0,48.88983223072978,56.843225383695845,-40.1414646063399,-31.028163270319432,9.11330133602047,3369.989573882839,7.884454100954913,0.05900067329425488,0.9018179445569913,0.03831439379819171,0.9569378170323704,1.9419322441512636,129.11910762954736,2401.415004386186,266.8238893762428,1489.9596496853922,47.0,0.9489755514389631
W078,Shaanxi,Omicron,2022-03-05,2022-03-28,24,60.0,404.0,6.204783402825857,8.500512131587232,-22.465599660272346,-18.910258029401078,3.5553416308712684,408.0400000000004,7.999999999999995,0.00010000054171866986,2.448458663617643,0.001909229092011845,0.9588789289317113,1.2502568741321012,0.7790418387045139,352.13022753794303,39.125580837549194,64.0646647364018,10.0,0.9977925152233084
W079,Gansu,Omicron,2022-03-06,2022-04-05,31,77.0,696.0,9.364962236846306,11.081770922782326,-27.10736893001257,-25.88925686620749,1.21811206380508,1259.1140365305064,5.658344706354625,0.1672303687381331,1.086483315989876,0.0021550189471458746,0.9216008941673418,0.561621198015468,2.713414605340564,977.6286769132893,108.62540854592098,498.0351777545417,0.25,0.9972321757580209
W080,Liaoning,Omicron,2022-03-06,2022-05-31,87,246.0,4258.0,109.90682058907339,135.94867743096285,30.334057826569563,44.83413119040506,14.500073363835497,195011.42699962846,0.15544097703557688,0.0013682144750958084,160.9264991583,0.9604780341070991,0.03939889618170883,3.9166514368259464,187304.1920330232,6914.832370764578,768.3147078627314,193378.03001309003,20.75,0.03560327002975969
W081,Heilongjiang,Omicron,2022-03-08,2022-05-07,61,95.0,1629.0,50.114753557887425,51.429476300816326,-1.9900634516705562,-4.410405618904711,-2.420342167234155,4185.2859480445395,7.998763936374366,0.048810973944281834,0.42370151433164305,0.011973594850372467,0.9593545290843692,0.6821097767665693,50.11291827484235,1625.2600643070182,180.5844515896689,728.1916613797744,0.25,0.9700885004134512
W082,Henan,Omicron,2022-03-09,2022-05-31,84,116.0,2004.0,62.272391777550126,71.2408934038892,-15.141084156252276,-7.838983178027849,7.302100978224427,4427.223413005326,7.999995949914212,0.05073054672767022,1.0137823286712118,0.0019126720286474753,0.9908593213823927,0.5787646775217794,8.467826386628495,3209.4812531247576,356.60902812497335,2073.985188027015,0.25,0.9973685642070782
W083,Fujian,Omicron,2022-03-11,2022-04-22,43,275.0,3581.0,23.573298485432463,30.841893052827484,-15.846674965317725,-8.290025991394534,7.55664897392319,25507.074705261926,0.07522941521866525,0.013548888777412348,18.944435069368954,0.006518259924382297,0.9928544631265798,9.406985279429104,166.2617428395342,22792.21361416992,2532.468179352213,22524.158563583267,12.25,0.9927581540039083
W084,Chongqing,Omicron,2022-03-12,2022-03-22,11,16.0,77.0,1.7059711363245937,1.6414869870226927,-10.501368170698477,-14.925220165979681,-4.423851995281204,948205.9959252491,0.43686448137009265,0.3855241592127802,0.0015308128369795893,0.9714329349972369,0.028491132135528095,2.1219445339623806,921118.5336036428,0.018002350055744024,0.0020002611173048916,921118.5336036428,2.0,1.9544009861006995e-08
W085,Anhui,Omicron,2022-03-13,2022-05-06,55,95.0,1706.0,15.131303248300531,19.259958152559733,-60.9812138441894,-51.71177233960293,9.269441504586467,3881.4250023569243,7.998687658197485,0.11201453727389091,1.8516798556818648,0.11151319942191323,0.8864257018849155,5.280484567580339,432.83012032902775,3032.5107946031094,336.94564384478963,2152.8246808831377,28.75,0.8750973912942188
W086,Jiangxi,Omicron,2022-03-13,2022-05-14,63,137.0,2221.0,43.4634606380378,45.18653334093847,-13.386489976727368,-14.937143989425323,-1.5506540126979544,5508.224019091658,7.996278682551094,0.0558532554749903,0.5602695033243094,0.059158306816098696,0.9350321981653459,2.6271665510761033,325.8572065332286,2594.291557934249,288.2546175482499,1510.4028396130302,38.75,0.8884107513633673
W087,Hubei,Omicron,2022-03-27,2022-04-29,34,45.0,393.0,20.78878134395517,25.342865105405814,-6.7261994238751655,-3.991351846503047,2.7348475773721184,396.93000000161845,7.414922329742391,0.14882940051396656,1.5711829407667426,0.0019095737436897414,0.9577810518075793,0.8232213297567224,0.7579671060858596,340.8382914399159,37.87092127110178,124.29011855752036,17.0,0.9977811024327085
W088,Shanxi,Omicron,2022-03-28,2022-04-27,31,59.0,396.0,19.63484164966694,30.122418275685217,-4.157129016737278,5.109756981090763,9.266885997828041,399.96000000000026,1.797821934722405,0.0003116800825776892,1.2361311371577326,0.0019714644029501668,0.9380225349969898,0.5974811411684452,0.7885069026039492,335.6140756936339,37.29045285484822,102.21377413596493,0.25,0.9976560616820591
W089,Hainan,Omicron,2022-03-29,2022-04-15,18,31.0,127.0,5.7851891085194,6.483171376178204,-10.431272749867489,-12.380915232298275,-1.9496424824307859,243.39844437339192,7.999993243144941,0.4623309104604912,4.209249404730207,0.0019404576779172857,0.9323237072341034,2.03980974640524,0.4723043801774717,204.17708455977086,22.68634272886343,132.73967043438904,7.0,0.997692129042644
W090,Xinjiang,Omicron,2022-03-29,2022-04-10,13,24.0,90.0,1.8578190281857936,3.323459047525671,-15.292099601869296,-11.731262056695542,3.5608375451737544,388.8336962780304,0.5876150575143344,0.17943295683784286,267.0185630803924,0.9049021093884385,0.05394919348691874,9.861388587377201,351.8564319632931,18.879537878558956,2.0977264309509955,366.61416948125606,5.5,0.05092448376822361
W091,Sichuan,Omicron,2022-03-30,2022-04-14,16,16.0,85.0,5.096792981685411,5.407094502867125,-8.303635318795298,-11.358029345891275,-3.0543940270959773,90.59937535754105,1.1323553724783357,0.00010000000000060885,0.001000000000000001,0.7350126105790985,8.490079681897078e-05,4.161477434593243,66.59168339838189,2.843717373168667e-05,3.1596859701874066e-06,66.59168339838189,5.5,4.27037734087443e-07
W092,Shaanxi,Omicron,2022-04-02,2022-04-21,20,14.0,68.0,10.98620085746088,11.838334344508661,-1.9818451152440488,-4.487786687139717,-2.5059415718956686,93.20547669144452,1.344932461996665,0.0006588633981136123,0.583836959266243,0.0020123353555538534,0.7404920661888781,0.22969559386278596,0.1875606760774444,51.11762649988256,5.679736277764728,14.288048499332547,0.25,0.9963442161037145
W093,Qinghai,Omicron,2022-04-11,2022-04-25,15,15.0,110.0,6.890130503136773,6.990380495197985,-1.6694026296093032,-5.452728181769297,-3.7833255521599938,552.3255632696419,0.4709876001431727,0.15411813209596098,23.767020389877356,0.4147758829974298,0.5417714839976348,7.4149184420640735,229.09132320721847,269.31081241339416,29.92342360148822,470.48560649904,5.0,0.5403484318491267
W094,Hunan,Omicron,2022-04-12,2022-05-08,27,12.0,58.0,9.404402455820362,11.205358319953138,-18.475791380119585,-17.745009078520223,0.730782301599362,66.13273728207234,1.3335360331377644,0.00041306420380895603,0.7408835433500226,0.002146922296943162,0.7559154132789143,0.29433763614809233,0.14198184822876542,42.78299053420691,4.7536656149118794,12.040416768248976,0.25,0.996692325205
W095,Beijing,Omicron,2022-04-17,2022-05-31,45,96.0,1778.0,11.784507908349948,12.4264595198315,-50.29445195070143,-51.907550623564525,-1.6130986728630958,3507.716829123351,0.7523913929192655,0.035268835880243606,5.630180591733455,0.005564820202974008,0.9875931223650417,2.801098429153855,19.51981347701755,3117.766350319052,346.4184833687835,2538.453513179182,26.5,0.9937781214530993
W096,Sichuan,Omicron,2022-04-24,2022-05-31,38,207.0,1388.0,59.03565620503426,76.79086174613445,26.741106875654815,32.73298045534996,5.991873579695145,1401.8800000000012,7.999999999999995,0.13428370891234717,3.318474159201146,0.0019092294866462165,0.9923841479779014,1.7229697549986047,2.6765106327396,1249.68764579339,138.8541828659322,849.5715807627604,24.75,0.9978628335696101
W097,Xinjiang,Omicron,2022-04-27,2022-05-06,10,48.0,193.0,6.285924640302448,6.870454567345288,5.35727856811607,2.2464517805932007,-3.110826787522869,1492.1154409591954,0.0512285008524866,0.9916469729260277,46.177891073859165,0.0821271392021431,0.9071498298843006,20.966169267136696,122.54317252532297,1218.2146557726346,135.35718397473713,1340.3234202726896,3.75,0.9086015610426862
W098,Qinghai,Omicron,2022-05-06,2022-05-17,12,38.0,176.0,2.638514151603419,4.009993410027716,-8.17628854922615,-7.153404622265789,1.0228839269603611,1359.8589090862995,7.999999890868582,0.999999858909202,28.79764062078209,0.0019092304545595851,0.9922078062861305,14.362991130421875,2.596284043131737,1214.3211762794642,134.92457514216267,1198.734899659251,5.5,0.997866507689485
W099,Anhui,Omicron,2022-05-10,2022-05-22,13,15.0,63.0,5.145766700077165,6.708478634614768,-2.048074750375921,-2.600503122136111,-0.5524283717601897,70.07189521227889,3.0645116599117164,0.00010040917406198133,1.8044613737074022,0.0019138744379294517,0.8839176707805287,0.8268230998836491,0.1341088090640517,55.16120372361899,6.129022635957664,15.40425418993309,10.0,0.9975746803134107
W100,Tianjin,Omicron,2022-05-12,2022-05-30,19,45.0,311.0,6.055524760399947,7.268815257216582,-11.725890865413731,-12.256067618753118,-0.5301767533393864,314.1100000001703,7.999999120329616,0.19802858561322328,5.947564591480417,0.0019092290920118878,0.9726219860873977,2.9687351979573973,0.5997079500921793,274.9592627460958,30.551029194010635,135.36659206594896,10.25,0.9978236674727923
W101,Hebei,Omicron,2022-05-27,2022-05-31,5,19.0,59.0,0.2794691284852204,0.5654481513296075,-4.421506787841114,-4.897872932416558,-0.4763661445754437,100.70745990340905,7.214856834871721,0.0007007786645611501,5.189644372681797,0.002034113642013694,0.7596518625208348,2.04454070032919,0.20485041804207144,68.81396458847306,7.645996065385896,21.33404848847996,3.5,0.9970319626753984
